POLAR_ID,Mach,Alpha_deg,Re,CL,Cm,CN,SOURCE_ZIP,SOURCE_CSV,SOURCE_ROW
499,0.729787,3.19445,2712520,0.862386,-0.130546,0.863875,pressure_data_RWC.01_1-02-RUN-3-POLAR-499.zip,Force_data_RWC.01_1-02-RUN-3-POLAR-499.csv,2
500,0.740992,3.1946,2734520,0.822995,-0.14058,0.824416,pressure_data_RWC.01_1-02-RUN-3-POLAR-500.zip,Force_data_RWC.01_1-02-RUN-3-POLAR-500.csv,2
501,0.743788,3.19522,2740780,0.811091,-0.142644,0.812492,pressure_data_RWC.01_1-02-RUN-3-POLAR-501.zip,Force_data_RWC.01_1-02-RUN-3-POLAR-501.csv,2
502,0.731378,-1.98788,2718030,-0.0886674,-0.0858759,-0.088712,pressure_data_RWC.01_1-02-RUN-3-POLAR-502.zip,Force_data_RWC.01_1-02-RUN-3-POLAR-502.csv,2
502,0.730204,-1.02284,2711070,0.0952085,-0.0923001,0.0952191,pressure_data_RWC.01_1-02-RUN-3-POLAR-502.zip,Force_data_RWC.01_1-02-RUN-3-POLAR-502.csv,3
502,0.73035,-0.0243667,2710960,0.281563,-0.0979151,0.281564,pressure_data_RWC.01_1-02-RUN-3-POLAR-502.zip,Force_data_RWC.01_1-02-RUN-3-POLAR-502.csv,4
502,0.729583,1.0056,2708100,0.47447,-0.10336,0.47457,pressure_data_RWC.01_1-02-RUN-3-POLAR-502.zip,Force_data_RWC.01_1-02-RUN-3-POLAR-502.csv,5
502,0.729079,2.01144,2700450,0.671229,-0.109971,0.671716,pressure_data_RWC.01_1-02-RUN-3-POLAR-502.zip,Force_data_RWC.01_1-02-RUN-3-POLAR-502.csv,6
502,0.730316,2.99961,2708630,0.836264,-0.127748,0.837546,pressure_data_RWC.01_1-02-RUN-3-POLAR-502.zip,Force_data_RWC.01_1-02-RUN-3-POLAR-502.csv,7
502,0.729621,4.00133,2714170,0.929834,-0.1391,0.932304,pressure_data_RWC.01_1-02-RUN-3-POLAR-502.zip,Force_data_RWC.01_1-02-RUN-3-POLAR-502.csv,8
502,0.72824,4.99461,2708610,0.995605,-0.148731,0.999665,pressure_data_RWC.01_1-02-RUN-3-POLAR-502.zip,Force_data_RWC.01_1-02-RUN-3-POLAR-502.csv,9
509,0.300493,-0.019088,7590300,0.207339,-0.0653841,0.20734,pressure_data_RWC.01_1-02-RUN-3-POLAR-509.zip,Force_data_RWC.01_1-02-RUN-3-POLAR-509.csv,2
509,0.299756,1.97752,7574940,0.446527,-0.0696254,0.446841,pressure_data_RWC.01_1-02-RUN-3-POLAR-509.zip,Force_data_RWC.01_1-02-RUN-3-POLAR-509.csv,3
509,0.299834,3.98839,7598380,0.682798,-0.0731271,0.684601,pressure_data_RWC.01_1-02-RUN-3-POLAR-509.zip,Force_data_RWC.01_1-02-RUN-3-POLAR-509.csv,4
509,0.299992,5.99482,7574350,0.90593,-0.074911,0.911201,pressure_data_RWC.01_1-02-RUN-3-POLAR-509.zip,Force_data_RWC.01_1-02-RUN-3-POLAR-509.csv,5
509,0.299602,7.98325,7571330,1.10497,-0.0733526,1.11625,pressure_data_RWC.01_1-02-RUN-3-POLAR-509.zip,Force_data_RWC.01_1-02-RUN-3-POLAR-509.csv,6
509,0.298641,9.99069,7558860,1.23298,-0.0629545,1.25263,pressure_data_RWC.01_1-02-RUN-3-POLAR-509.zip,Force_data_RWC.01_1-02-RUN-3-POLAR-509.csv,7
509,0.299031,11.998,7565800,1.23878,-0.049192,1.26726,pressure_data_RWC.01_1-02-RUN-3-POLAR-509.zip,Force_data_RWC.01_1-02-RUN-3-POLAR-509.csv,8
509,0.298437,13.9998,7508320,1.17952,-0.0682217,1.21654,pressure_data_RWC.01_1-02-RUN-3-POLAR-509.zip,Force_data_RWC.01_1-02-RUN-3-POLAR-509.csv,9
509,0.298221,15,7485930,1.17861,-0.0897011,1.22118,pressure_data_RWC.01_1-02-RUN-3-POLAR-509.zip,Force_data_RWC.01_1-02-RUN-3-POLAR-509.csv,10
510,0.500384,-2.01578,11860600,-0.0415347,-0.066902,-0.0415563,pressure_data_RWC.01_1-02-RUN-3-POLAR-510.zip,Force_data_RWC.01_1-02-RUN-3-POLAR-510.csv,2
510,0.50014,-1.52395,11861200,0.021148,-0.0681475,0.0211539,pressure_data_RWC.01_1-02-RUN-3-POLAR-510.zip,Force_data_RWC.01_1-02-RUN-3-POLAR-510.csv,3
510,0.500267,-1.03412,11874400,0.0863757,-0.0694997,0.0863856,pressure_data_RWC.01_1-02-RUN-3-POLAR-510.zip,Force_data_RWC.01_1-02-RUN-3-POLAR-510.csv,4
510,0.500071,-0.536555,11905600,0.15259,-0.0708957,0.152593,pressure_data_RWC.01_1-02-RUN-3-POLAR-510.zip,Force_data_RWC.01_1-02-RUN-3-POLAR-510.csv,5
510,0.500148,-0.0272686,11883400,0.223173,-0.0724126,0.223174,pressure_data_RWC.01_1-02-RUN-3-POLAR-510.zip,Force_data_RWC.01_1-02-RUN-3-POLAR-510.csv,6
510,0.500169,0.484744,11903400,0.292626,-0.073795,0.292645,pressure_data_RWC.01_1-02-RUN-3-POLAR-510.zip,Force_data_RWC.01_1-02-RUN-3-POLAR-510.csv,7
510,0.500133,0.995939,11911000,0.362021,-0.0751211,0.362096,pressure_data_RWC.01_1-02-RUN-3-POLAR-510.zip,Force_data_RWC.01_1-02-RUN-3-POLAR-510.csv,8
510,0.499983,1.49714,11913500,0.429792,-0.0762904,0.429974,pressure_data_RWC.01_1-02-RUN-3-POLAR-510.zip,Force_data_RWC.01_1-02-RUN-3-POLAR-510.csv,9
510,0.499832,1.9997,11909700,0.497016,-0.0772963,0.497372,pressure_data_RWC.01_1-02-RUN-3-POLAR-510.zip,Force_data_RWC.01_1-02-RUN-3-POLAR-510.csv,10
510,0.499854,2.50153,11918600,0.563284,-0.0781515,0.563897,pressure_data_RWC.01_1-02-RUN-3-POLAR-510.zip,Force_data_RWC.01_1-02-RUN-3-POLAR-510.csv,11
510,0.49944,3.00327,11908300,0.629021,-0.078916,0.629987,pressure_data_RWC.01_1-02-RUN-3-POLAR-510.zip,Force_data_RWC.01_1-02-RUN-3-POLAR-510.csv,12
510,0.500203,3.50829,11908000,0.695574,-0.0794255,0.69701,pressure_data_RWC.01_1-02-RUN-3-POLAR-510.zip,Force_data_RWC.01_1-02-RUN-3-POLAR-510.csv,13
510,0.500077,3.99994,11886500,0.759587,-0.0794732,0.761604,pressure_data_RWC.01_1-02-RUN-3-POLAR-510.zip,Force_data_RWC.01_1-02-RUN-3-POLAR-510.csv,14
510,0.499948,4.50404,11878700,0.821001,-0.078878,0.823741,pressure_data_RWC.01_1-02-RUN-3-POLAR-510.zip,Force_data_RWC.01_1-02-RUN-3-POLAR-510.csv,15
510,0.499964,5.00624,11870400,0.875505,-0.076768,0.879091,pressure_data_RWC.01_1-02-RUN-3-POLAR-510.zip,Force_data_RWC.01_1-02-RUN-3-POLAR-510.csv,16
510,0.499854,5.50871,11862400,0.919864,-0.0725224,0.924402,pressure_data_RWC.01_1-02-RUN-3-POLAR-510.zip,Force_data_RWC.01_1-02-RUN-3-POLAR-510.csv,17
510,0.499828,6.00891,11864200,0.959468,-0.0678774,0.965076,pressure_data_RWC.01_1-02-RUN-3-POLAR-510.zip,Force_data_RWC.01_1-02-RUN-3-POLAR-510.csv,18
510,0.499192,6.50765,11837300,1.00087,-0.0631765,1.00771,pressure_data_RWC.01_1-02-RUN-3-POLAR-510.zip,Force_data_RWC.01_1-02-RUN-3-POLAR-510.csv,19
510,0.497794,7.00594,11806500,1.03241,-0.0586904,1.04057,pressure_data_RWC.01_1-02-RUN-3-POLAR-510.zip,Force_data_RWC.01_1-02-RUN-3-POLAR-510.csv,20
510,0.499961,7.50632,11811400,1.05811,-0.0533965,1.06768,pressure_data_RWC.01_1-02-RUN-3-POLAR-510.zip,Force_data_RWC.01_1-02-RUN-3-POLAR-510.csv,21
510,0.499082,8.00698,11766800,1.07803,-0.0500693,1.08911,pressure_data_RWC.01_1-02-RUN-3-POLAR-510.zip,Force_data_RWC.01_1-02-RUN-3-POLAR-510.csv,22
511,0.600379,-2.01481,13604400,-0.0545709,-0.0716846,-0.0545992,pressure_data_RWC.01_1-02-RUN-3-POLAR-511.zip,Force_data_RWC.01_1-02-RUN-3-POLAR-511.csv,2
511,0.599479,-1.50841,13490400,0.0167027,-0.0731293,0.0167072,pressure_data_RWC.01_1-02-RUN-3-POLAR-511.zip,Force_data_RWC.01_1-02-RUN-3-POLAR-511.csv,3
511,0.599559,-1.02548,13450700,0.087038,-0.0746676,0.0870477,pressure_data_RWC.01_1-02-RUN-3-POLAR-511.zip,Force_data_RWC.01_1-02-RUN-3-POLAR-511.csv,4
511,0.599621,-0.506741,13429900,0.162841,-0.0764284,0.162844,pressure_data_RWC.01_1-02-RUN-3-POLAR-511.zip,Force_data_RWC.01_1-02-RUN-3-POLAR-511.csv,5
511,0.599551,-0.00490835,13395600,0.240047,-0.0783138,0.240048,pressure_data_RWC.01_1-02-RUN-3-POLAR-511.zip,Force_data_RWC.01_1-02-RUN-3-POLAR-511.csv,6
511,0.601075,0.497833,13538300,0.315401,-0.0800347,0.315422,pressure_data_RWC.01_1-02-RUN-3-POLAR-511.zip,Force_data_RWC.01_1-02-RUN-3-POLAR-511.csv,7
511,0.600571,0.999302,13597800,0.391286,-0.0815894,0.391368,pressure_data_RWC.01_1-02-RUN-3-POLAR-511.zip,Force_data_RWC.01_1-02-RUN-3-POLAR-511.csv,8
511,0.600348,1.50095,13644400,0.466333,-0.0828979,0.466531,pressure_data_RWC.01_1-02-RUN-3-POLAR-511.zip,Force_data_RWC.01_1-02-RUN-3-POLAR-511.csv,9
511,0.600071,2.0027,13695000,0.539455,-0.0838642,0.539843,pressure_data_RWC.01_1-02-RUN-3-POLAR-511.zip,Force_data_RWC.01_1-02-RUN-3-POLAR-511.csv,10
511,0.600063,2.50607,13676200,0.61189,-0.0846163,0.612559,pressure_data_RWC.01_1-02-RUN-3-POLAR-511.zip,Force_data_RWC.01_1-02-RUN-3-POLAR-511.csv,11
511,0.599973,3.00809,13675000,0.684742,-0.0849755,0.685797,pressure_data_RWC.01_1-02-RUN-3-POLAR-511.zip,Force_data_RWC.01_1-02-RUN-3-POLAR-511.csv,12
511,0.599343,3.50165,13663700,0.755805,-0.0845326,0.75736,pressure_data_RWC.01_1-02-RUN-3-POLAR-511.zip,Force_data_RWC.01_1-02-RUN-3-POLAR-511.csv,13
511,0.599028,4.00603,13670600,0.824829,-0.082066,0.827025,pressure_data_RWC.01_1-02-RUN-3-POLAR-511.zip,Force_data_RWC.01_1-02-RUN-3-POLAR-511.csv,14
511,0.598704,4.51268,13651900,0.8875,-0.0792743,0.890473,pressure_data_RWC.01_1-02-RUN-3-POLAR-511.zip,Force_data_RWC.01_1-02-RUN-3-POLAR-511.csv,15
511,0.598431,5.01651,13657800,0.953483,-0.0750569,0.957404,pressure_data_RWC.01_1-02-RUN-3-POLAR-511.zip,Force_data_RWC.01_1-02-RUN-3-POLAR-511.csv,16
511,0.597849,5.51289,13625500,1.00921,-0.0716605,1.01419,pressure_data_RWC.01_1-02-RUN-3-POLAR-511.zip,Force_data_RWC.01_1-02-RUN-3-POLAR-511.csv,17
511,0.598892,6.017,13576600,1.07104,-0.0672126,1.07731,pressure_data_RWC.01_1-02-RUN-3-POLAR-511.zip,Force_data_RWC.01_1-02-RUN-3-POLAR-511.csv,18
511,0.598453,6.51002,13506900,1.12032,-0.0638284,1.12798,pressure_data_RWC.01_1-02-RUN-3-POLAR-511.zip,Force_data_RWC.01_1-02-RUN-3-POLAR-511.csv,19
511,0.597584,7.00803,13419700,1.17194,-0.0596198,1.1812,pressure_data_RWC.01_1-02-RUN-3-POLAR-511.zip,Force_data_RWC.01_1-02-RUN-3-POLAR-511.csv,20
511,0.598582,7.50842,13427500,1.21528,-0.0562849,1.22628,pressure_data_RWC.01_1-02-RUN-3-POLAR-511.zip,Force_data_RWC.01_1-02-RUN-3-POLAR-511.csv,21
511,0.597602,8.00625,13410700,1.24922,-0.0522539,1.26205,pressure_data_RWC.01_1-02-RUN-3-POLAR-511.zip,Force_data_RWC.01_1-02-RUN-3-POLAR-511.csv,22
512,0.700064,-2.00242,15822800,-0.0797047,-0.0793216,-0.0797455,pressure_data_RWC.01_1-02-RUN-3-POLAR-512.zip,Force_data_RWC.01_1-02-RUN-3-POLAR-512.csv,2
512,0.699228,-1.02012,15842200,0.0822769,-0.0829537,0.082286,pressure_data_RWC.01_1-02-RUN-3-POLAR-512.zip,Force_data_RWC.01_1-02-RUN-3-POLAR-512.csv,3
512,0.700168,0.00436297,15805400,0.262494,-0.0884209,0.262495,pressure_data_RWC.01_1-02-RUN-3-POLAR-512.zip,Force_data_RWC.01_1-02-RUN-3-POLAR-512.csv,4
512,0.699909,1.0093,15798300,0.444076,-0.0933499,0.44417,pressure_data_RWC.01_1-02-RUN-3-POLAR-512.zip,Force_data_RWC.01_1-02-RUN-3-POLAR-512.csv,5
512,0.698833,2.0096,15782400,0.612034,-0.0954215,0.612477,pressure_data_RWC.01_1-02-RUN-3-POLAR-512.zip,Force_data_RWC.01_1-02-RUN-3-POLAR-512.csv,6
512,0.699524,3.01572,15764900,0.796898,-0.0951772,0.798132,pressure_data_RWC.01_1-02-RUN-3-POLAR-512.zip,Force_data_RWC.01_1-02-RUN-3-POLAR-512.csv,7
512,0.700382,4.01539,15679600,0.983735,-0.107506,0.986366,pressure_data_RWC.01_1-02-RUN-3-POLAR-512.zip,Force_data_RWC.01_1-02-RUN-3-POLAR-512.csv,8
512,0.701479,4.02539,15580400,0.981917,-0.107722,0.984556,pressure_data_RWC.01_1-02-RUN-3-POLAR-512.zip,Force_data_RWC.01_1-02-RUN-3-POLAR-512.csv,9
512,0.700634,4.02589,15533100,0.982393,-0.106993,0.985034,pressure_data_RWC.01_1-02-RUN-3-POLAR-512.zip,Force_data_RWC.01_1-02-RUN-3-POLAR-512.csv,10
512,0.700783,4.02639,15678300,0.984801,-0.108326,0.987449,pressure_data_RWC.01_1-02-RUN-3-POLAR-512.zip,Force_data_RWC.01_1-02-RUN-3-POLAR-512.csv,11
512,0.700727,4.02839,15546100,0.983363,-0.107892,0.986009,pressure_data_RWC.01_1-02-RUN-3-POLAR-512.zip,Force_data_RWC.01_1-02-RUN-3-POLAR-512.csv,12
512,0.701058,4.03172,15571500,0.984037,-0.108153,0.98669,pressure_data_RWC.01_1-02-RUN-3-POLAR-512.zip,Force_data_RWC.01_1-02-RUN-3-POLAR-512.csv,14
512,0.700597,4.03189,15540900,0.982975,-0.107247,0.985625,pressure_data_RWC.01_1-02-RUN-3-POLAR-512.zip,Force_data_RWC.01_1-02-RUN-3-POLAR-512.csv,15
512,0.700189,4.03464,15545800,0.982032,-0.106559,0.984683,pressure_data_RWC.01_1-02-RUN-3-POLAR-512.zip,Force_data_RWC.01_1-02-RUN-3-POLAR-512.csv,16
512,0.70074,4.04139,15662100,0.984165,-0.107936,0.98683,pressure_data_RWC.01_1-02-RUN-3-POLAR-512.zip,Force_data_RWC.01_1-02-RUN-3-POLAR-512.csv,17
512,0.700678,4.05088,15676000,0.98406,-0.107828,0.986737,pressure_data_RWC.01_1-02-RUN-3-POLAR-512.zip,Force_data_RWC.01_1-02-RUN-3-POLAR-512.csv,18
512,0.700046,4.05238,15714000,0.982228,-0.106529,0.984902,pressure_data_RWC.01_1-02-RUN-3-POLAR-512.zip,Force_data_RWC.01_1-02-RUN-3-POLAR-512.csv,19
512,0.700386,4.05372,15702600,0.984162,-0.107576,0.986843,pressure_data_RWC.01_1-02-RUN-3-POLAR-512.zip,Force_data_RWC.01_1-02-RUN-3-POLAR-512.csv,20
512,0.700726,4.05638,15563500,0.983025,-0.107465,0.985706,pressure_data_RWC.01_1-02-RUN-3-POLAR-512.zip,Force_data_RWC.01_1-02-RUN-3-POLAR-512.csv,21
512,0.700392,4.06138,15558400,0.983831,-0.107671,0.986521,pressure_data_RWC.01_1-02-RUN-3-POLAR-512.zip,Force_data_RWC.01_1-02-RUN-3-POLAR-512.csv,22
512,0.700561,4.06388,15723800,0.984007,-0.107804,0.9867,pressure_data_RWC.01_1-02-RUN-3-POLAR-512.zip,Force_data_RWC.01_1-02-RUN-3-POLAR-512.csv,23
512,0.701662,4.06572,15648700,0.982659,-0.107992,0.985352,pressure_data_RWC.01_1-02-RUN-3-POLAR-512.zip,Force_data_RWC.01_1-02-RUN-3-POLAR-512.csv,24
512,0.700248,4.06638,15540500,0.983645,-0.107751,0.986341,pressure_data_RWC.01_1-02-RUN-3-POLAR-512.zip,Force_data_RWC.01_1-02-RUN-3-POLAR-512.csv,25
512,0.700365,4.07605,15741800,0.982373,-0.106769,0.985078,pressure_data_RWC.01_1-02-RUN-3-POLAR-512.zip,Force_data_RWC.01_1-02-RUN-3-POLAR-512.csv,27
512,0.700706,4.07938,15688600,0.984152,-0.10778,0.986866,pressure_data_RWC.01_1-02-RUN-3-POLAR-512.zip,Force_data_RWC.01_1-02-RUN-3-POLAR-512.csv,28
512,0.700317,4.08738,15636600,0.983223,-0.107378,0.985945,pressure_data_RWC.01_1-02-RUN-3-POLAR-512.zip,Force_data_RWC.01_1-02-RUN-3-POLAR-512.csv,29
512,0.700824,4.08938,15704400,0.98279,-0.107343,0.985513,pressure_data_RWC.01_1-02-RUN-3-POLAR-512.zip,Force_data_RWC.01_1-02-RUN-3-POLAR-512.csv,30
512,0.700351,4.09438,15693100,0.982391,-0.1077,0.985119,pressure_data_RWC.01_1-02-RUN-3-POLAR-512.zip,Force_data_RWC.01_1-02-RUN-3-POLAR-512.csv,31
512,0.700806,4.09738,15677100,0.981492,-0.106949,0.984222,pressure_data_RWC.01_1-02-RUN-3-POLAR-512.zip,Force_data_RWC.01_1-02-RUN-3-POLAR-512.csv,33
512,0.700213,4.09838,15741800,0.983563,-0.1074,0.986299,pressure_data_RWC.01_1-02-RUN-3-POLAR-512.zip,Force_data_RWC.01_1-02-RUN-3-POLAR-512.csv,34
512,0.700369,4.09938,15668700,0.983128,-0.10699,0.985865,pressure_data_RWC.01_1-02-RUN-3-POLAR-512.zip,Force_data_RWC.01_1-02-RUN-3-POLAR-512.csv,35
512,0.700728,4.10838,15671500,0.982426,-0.107137,0.985172,pressure_data_RWC.01_1-02-RUN-3-POLAR-512.zip,Force_data_RWC.01_1-02-RUN-3-POLAR-512.csv,36
512,0.700701,4.11637,15741200,0.983779,-0.10763,0.986539,pressure_data_RWC.01_1-02-RUN-3-POLAR-512.zip,Force_data_RWC.01_1-02-RUN-3-POLAR-512.csv,37
512,0.700802,4.11638,15700200,0.982682,-0.107532,0.985439,pressure_data_RWC.01_1-02-RUN-3-POLAR-512.zip,Force_data_RWC.01_1-02-RUN-3-POLAR-512.csv,38
512,0.700551,4.12337,15712600,0.982254,-0.106972,0.985019,pressure_data_RWC.01_1-02-RUN-3-POLAR-512.zip,Force_data_RWC.01_1-02-RUN-3-POLAR-512.csv,39
512,0.700893,4.12687,15700100,0.98159,-0.106905,0.984358,pressure_data_RWC.01_1-02-RUN-3-POLAR-512.zip,Force_data_RWC.01_1-02-RUN-3-POLAR-512.csv,40
512,0.700207,4.13137,15722800,0.982742,-0.106777,0.985519,pressure_data_RWC.01_1-02-RUN-3-POLAR-512.zip,Force_data_RWC.01_1-02-RUN-3-POLAR-512.csv,41
512,0.700785,4.13637,15745100,0.983483,-0.107722,0.986269,pressure_data_RWC.01_1-02-RUN-3-POLAR-512.zip,Force_data_RWC.01_1-02-RUN-3-POLAR-512.csv,42
512,0.700455,4.14137,15681900,0.982228,-0.106795,0.985016,pressure_data_RWC.01_1-02-RUN-3-POLAR-512.zip,Force_data_RWC.01_1-02-RUN-3-POLAR-512.csv,43
512,0.700674,4.14537,15732800,0.983343,-0.10748,0.98614,pressure_data_RWC.01_1-02-RUN-3-POLAR-512.zip,Force_data_RWC.01_1-02-RUN-3-POLAR-512.csv,44
512,0.701264,4.15037,15702700,0.982995,-0.107902,0.985797,pressure_data_RWC.01_1-02-RUN-3-POLAR-512.zip,Force_data_RWC.01_1-02-RUN-3-POLAR-512.csv,45
512,0.697817,4.15837,15718400,1.02322,-0.108439,1.02615,pressure_data_RWC.01_1-02-RUN-3-POLAR-512.zip,Force_data_RWC.01_1-02-RUN-3-POLAR-512.csv,46
512,0.700579,4.17037,15752600,0.98243,-0.106891,0.985257,pressure_data_RWC.01_1-02-RUN-3-POLAR-512.zip,Force_data_RWC.01_1-02-RUN-3-POLAR-512.csv,47
512,0.700721,4.17237,15739600,0.982319,-0.107172,0.985148,pressure_data_RWC.01_1-02-RUN-3-POLAR-512.zip,Force_data_RWC.01_1-02-RUN-3-POLAR-512.csv,48
512,0.699864,4.20836,15678700,0.984482,-0.107504,0.987365,pressure_data_RWC.01_1-02-RUN-3-POLAR-512.zip,Force_data_RWC.01_1-02-RUN-3-POLAR-512.csv,49
512,0.700551,4.23636,15750100,0.983585,-0.107718,0.986502,pressure_data_RWC.01_1-02-RUN-3-POLAR-512.zip,Force_data_RWC.01_1-02-RUN-3-POLAR-512.csv,50
512,0.698587,4.51165,15692800,1.04171,-0.112868,1.0452,pressure_data_RWC.01_1-02-RUN-3-POLAR-512.zip,Force_data_RWC.01_1-02-RUN-3-POLAR-512.csv,51
512,0.698598,4.51352,15671400,1.04112,-0.113022,1.04461,pressure_data_RWC.01_1-02-RUN-3-POLAR-512.zip,Force_data_RWC.01_1-02-RUN-3-POLAR-512.csv,52
512,0.698538,4.53231,15700200,1.04273,-0.112493,1.04626,pressure_data_RWC.01_1-02-RUN-3-POLAR-512.zip,Force_data_RWC.01_1-02-RUN-3-POLAR-512.csv,53
512,0.69854,4.53298,15661500,1.04037,-0.113385,1.04389,pressure_data_RWC.01_1-02-RUN-3-POLAR-512.zip,Force_data_RWC.01_1-02-RUN-3-POLAR-512.csv,54
512,0.699525,4.53631,15682100,1.03546,-0.113896,1.03896,pressure_data_RWC.01_1-02-RUN-3-POLAR-512.zip,Force_data_RWC.01_1-02-RUN-3-POLAR-512.csv,55
512,0.697135,4.54531,15678000,1.04673,-0.112111,1.05029,pressure_data_RWC.01_1-02-RUN-3-POLAR-512.zip,Force_data_RWC.01_1-02-RUN-3-POLAR-512.csv,56
512,0.698723,4.55031,15665600,1.04119,-0.113144,1.04473,pressure_data_RWC.01_1-02-RUN-3-POLAR-512.zip,Force_data_RWC.01_1-02-RUN-3-POLAR-512.csv,57
512,0.698814,4.57731,15691700,1.039,-0.114085,1.04258,pressure_data_RWC.01_1-02-RUN-3-POLAR-512.zip,Force_data_RWC.01_1-02-RUN-3-POLAR-512.csv,58
512,0.698306,4.58731,15687900,1.04269,-0.112957,1.0463,pressure_data_RWC.01_1-02-RUN-3-POLAR-512.zip,Force_data_RWC.01_1-02-RUN-3-POLAR-512.csv,59
512,0.697967,4.6313,15688900,1.04426,-0.112032,1.04794,pressure_data_RWC.01_1-02-RUN-3-POLAR-512.zip,Force_data_RWC.01_1-02-RUN-3-POLAR-512.csv,60
512,0.700223,5.00624,15658800,1.01183,-0.110919,1.01597,pressure_data_RWC.01_1-02-RUN-3-POLAR-512.zip,Force_data_RWC.01_1-02-RUN-3-POLAR-512.csv,61
512,0.69861,5.01839,15640000,1.02286,-0.110431,1.02707,pressure_data_RWC.01_1-02-RUN-3-POLAR-512.zip,Force_data_RWC.01_1-02-RUN-3-POLAR-512.csv,62
512,0.700138,5.02824,15647900,1.01192,-0.110839,1.0161,pressure_data_RWC.01_1-02-RUN-3-POLAR-512.zip,Force_data_RWC.01_1-02-RUN-3-POLAR-512.csv,63
514,0.699844,3.99267,15806200,0.986732,-0.107171,0.989343,pressure_data_RWC.01_1-02-RUN-3-POLAR-514.zip,Force_data_RWC.01_1-02-RUN-3-POLAR-514.csv,2
514,0.698935,5.00224,15769600,1.0195,-0.110687,1.02367,pressure_data_RWC.01_1-02-RUN-3-POLAR-514.zip,Force_data_RWC.01_1-02-RUN-3-POLAR-514.csv,3
514,0.698966,6.00664,15625100,0.982556,-0.105493,0.988295,pressure_data_RWC.01_1-02-RUN-3-POLAR-514.zip,Force_data_RWC.01_1-02-RUN-3-POLAR-514.csv,4
514,0.698317,6.99876,15521200,0.966176,-0.107621,0.973791,pressure_data_RWC.01_1-02-RUN-3-POLAR-514.zip,Force_data_RWC.01_1-02-RUN-3-POLAR-514.csv,5
514,0.698514,7.9898,15456700,0.983221,-0.116249,0.99328,pressure_data_RWC.01_1-02-RUN-3-POLAR-514.zip,Force_data_RWC.01_1-02-RUN-3-POLAR-514.csv,6
515,0.709718,-2.00297,15688500,-0.0797236,-0.0803893,-0.0797644,pressure_data_RWC.01_1-02-RUN-3-POLAR-515.zip,Force_data_RWC.01_1-02-RUN-3-POLAR-515.csv,2
515,0.709759,-1.02848,15667500,0.0823432,-0.0840319,0.0823525,pressure_data_RWC.01_1-02-RUN-3-POLAR-515.zip,Force_data_RWC.01_1-02-RUN-3-POLAR-515.csv,3
515,0.709644,-0.00118164,15644500,0.265819,-0.0895969,0.26582,pressure_data_RWC.01_1-02-RUN-3-POLAR-515.zip,Force_data_RWC.01_1-02-RUN-3-POLAR-515.csv,4
515,0.709385,1.0033,15628300,0.454077,-0.0950033,0.454172,pressure_data_RWC.01_1-02-RUN-3-POLAR-515.zip,Force_data_RWC.01_1-02-RUN-3-POLAR-515.csv,5
515,0.709911,2.01169,15599400,0.633829,-0.0978218,0.634289,pressure_data_RWC.01_1-02-RUN-3-POLAR-515.zip,Force_data_RWC.01_1-02-RUN-3-POLAR-515.csv,6
515,0.708193,3.00327,15576100,0.825484,-0.101778,0.826752,pressure_data_RWC.01_1-02-RUN-3-POLAR-515.zip,Force_data_RWC.01_1-02-RUN-3-POLAR-515.csv,7
515,0.708446,4.01148,15516900,0.97591,-0.118947,0.978516,pressure_data_RWC.01_1-02-RUN-3-POLAR-515.zip,Force_data_RWC.01_1-02-RUN-3-POLAR-515.csv,8
515,0.709447,5.00388,15655600,0.945173,-0.109154,0.949041,pressure_data_RWC.01_1-02-RUN-3-POLAR-515.zip,Force_data_RWC.01_1-02-RUN-3-POLAR-515.csv,9
515,0.70899,6.01691,15593800,0.929478,-0.10365,0.934925,pressure_data_RWC.01_1-02-RUN-3-POLAR-515.zip,Force_data_RWC.01_1-02-RUN-3-POLAR-515.csv,10
517,0.720235,-1.99224,15551400,-0.0825316,-0.0814033,-0.0825734,pressure_data_RWC.01_1-02-RUN-3-POLAR-517.zip,Force_data_RWC.01_1-02-RUN-3-POLAR-517.csv,2
517,0.720357,-1.51413,15528100,-0.002917,-0.0830909,-0.0029178,pressure_data_RWC.01_1-02-RUN-3-POLAR-517.zip,Force_data_RWC.01_1-02-RUN-3-POLAR-517.csv,3
517,0.720324,-1.00712,15503700,0.0846713,-0.085302,0.0846804,pressure_data_RWC.01_1-02-RUN-3-POLAR-517.zip,Force_data_RWC.01_1-02-RUN-3-POLAR-517.csv,4
517,0.720752,-0.502616,15721600,0.173261,-0.0880883,0.173264,pressure_data_RWC.01_1-02-RUN-3-POLAR-517.zip,Force_data_RWC.01_1-02-RUN-3-POLAR-517.csv,5
517,0.720438,0.00281775,15834600,0.270097,-0.0913232,0.270098,pressure_data_RWC.01_1-02-RUN-3-POLAR-517.zip,Force_data_RWC.01_1-02-RUN-3-POLAR-517.csv,6
517,0.720148,0.508014,15894600,0.367322,-0.0944723,0.367348,pressure_data_RWC.01_1-02-RUN-3-POLAR-517.zip,Force_data_RWC.01_1-02-RUN-3-POLAR-517.csv,7
517,0.719709,1.01266,15913100,0.465248,-0.0972435,0.465347,pressure_data_RWC.01_1-02-RUN-3-POLAR-517.zip,Force_data_RWC.01_1-02-RUN-3-POLAR-517.csv,8
517,0.71965,1.51986,15882300,0.556928,-0.0992287,0.55717,pressure_data_RWC.01_1-02-RUN-3-POLAR-517.zip,Force_data_RWC.01_1-02-RUN-3-POLAR-517.csv,9
517,0.718705,2.00724,15860000,0.649465,-0.10118,0.649934,pressure_data_RWC.01_1-02-RUN-3-POLAR-517.zip,Force_data_RWC.01_1-02-RUN-3-POLAR-517.csv,10
517,0.719641,2.50453,15812300,0.759854,-0.109462,0.760683,pressure_data_RWC.01_1-02-RUN-3-POLAR-517.zip,Force_data_RWC.01_1-02-RUN-3-POLAR-517.csv,11
517,0.719755,3.01109,15673300,0.853458,-0.120034,0.854776,pressure_data_RWC.01_1-02-RUN-3-POLAR-517.zip,Force_data_RWC.01_1-02-RUN-3-POLAR-517.csv,12
517,0.720728,3.51492,15613700,0.890561,-0.123769,0.892407,pressure_data_RWC.01_1-02-RUN-3-POLAR-517.zip,Force_data_RWC.01_1-02-RUN-3-POLAR-517.csv,13
517,0.718501,4.00085,15602900,0.903565,-0.119178,0.905965,pressure_data_RWC.01_1-02-RUN-3-POLAR-517.zip,Force_data_RWC.01_1-02-RUN-3-POLAR-517.csv,14
517,0.719541,4.51404,15667600,0.885417,-0.111963,0.888385,pressure_data_RWC.01_1-02-RUN-3-POLAR-517.zip,Force_data_RWC.01_1-02-RUN-3-POLAR-517.csv,15
517,0.719161,5.02333,15719200,0.882291,-0.106736,0.885929,pressure_data_RWC.01_1-02-RUN-3-POLAR-517.zip,Force_data_RWC.01_1-02-RUN-3-POLAR-517.csv,16
517,0.719195,5.50717,15697300,0.883636,-0.103993,0.887993,pressure_data_RWC.01_1-02-RUN-3-POLAR-517.zip,Force_data_RWC.01_1-02-RUN-3-POLAR-517.csv,17
517,0.718766,6.01465,15624600,0.888888,-0.103169,0.894093,pressure_data_RWC.01_1-02-RUN-3-POLAR-517.zip,Force_data_RWC.01_1-02-RUN-3-POLAR-517.csv,18
518,0.729602,-2.01006,15797700,-0.0917025,-0.082121,-0.0917498,pressure_data_RWC.01_1-02-RUN-3-POLAR-518.zip,Force_data_RWC.01_1-02-RUN-3-POLAR-518.csv,2
518,0.729815,-1.52291,15825800,-0.00937938,-0.0839088,-0.009382,pressure_data_RWC.01_1-02-RUN-3-POLAR-518.zip,Force_data_RWC.01_1-02-RUN-3-POLAR-518.csv,3
518,0.729869,-1.02993,15828400,0.0784955,-0.0864332,0.0785043,pressure_data_RWC.01_1-02-RUN-3-POLAR-518.zip,Force_data_RWC.01_1-02-RUN-3-POLAR-518.csv,4
518,0.729883,-0.487835,15827300,0.176681,-0.0895478,0.176684,pressure_data_RWC.01_1-02-RUN-3-POLAR-518.zip,Force_data_RWC.01_1-02-RUN-3-POLAR-518.csv,5
518,0.729664,0.0172701,15826800,0.276417,-0.0930593,0.276418,pressure_data_RWC.01_1-02-RUN-3-POLAR-518.zip,Force_data_RWC.01_1-02-RUN-3-POLAR-518.csv,6
518,0.72929,0.504287,15807900,0.372838,-0.0964087,0.372864,pressure_data_RWC.01_1-02-RUN-3-POLAR-518.zip,Force_data_RWC.01_1-02-RUN-3-POLAR-518.csv,7
518,0.729884,1.01339,15806700,0.476318,-0.100127,0.47642,pressure_data_RWC.01_1-02-RUN-3-POLAR-518.zip,Force_data_RWC.01_1-02-RUN-3-POLAR-518.csv,8
518,0.729317,1.50977,15782600,0.568711,-0.103565,0.568956,pressure_data_RWC.01_1-02-RUN-3-POLAR-518.zip,Force_data_RWC.01_1-02-RUN-3-POLAR-518.csv,9
518,0.728985,2.01642,15769600,0.674297,-0.110672,0.674788,pressure_data_RWC.01_1-02-RUN-3-POLAR-518.zip,Force_data_RWC.01_1-02-RUN-3-POLAR-518.csv,10
518,0.729396,2.51607,15681600,0.778126,-0.125139,0.778982,pressure_data_RWC.01_1-02-RUN-3-POLAR-518.zip,Force_data_RWC.01_1-02-RUN-3-POLAR-518.csv,11
518,0.730915,3.00234,15602500,0.809766,-0.127499,0.811009,pressure_data_RWC.01_1-02-RUN-3-POLAR-518.zip,Force_data_RWC.01_1-02-RUN-3-POLAR-518.csv,12
518,0.728827,3.5081,15673400,0.829815,-0.120685,0.831528,pressure_data_RWC.01_1-02-RUN-3-POLAR-518.zip,Force_data_RWC.01_1-02-RUN-3-POLAR-518.csv,13
518,0.729783,4.01885,15636100,0.831808,-0.115776,0.834036,pressure_data_RWC.01_1-02-RUN-3-POLAR-518.zip,Force_data_RWC.01_1-02-RUN-3-POLAR-518.csv,14
518,0.729012,4.53095,15537400,0.832312,-0.109784,0.835122,pressure_data_RWC.01_1-02-RUN-3-POLAR-518.zip,Force_data_RWC.01_1-02-RUN-3-POLAR-518.csv,15
518,0.728971,5.01177,15553900,0.832927,-0.105574,0.836346,pressure_data_RWC.01_1-02-RUN-3-POLAR-518.zip,Force_data_RWC.01_1-02-RUN-3-POLAR-518.csv,16
518,0.729461,5.51935,15622300,0.845551,-0.1057,0.849738,pressure_data_RWC.01_1-02-RUN-3-POLAR-518.zip,Force_data_RWC.01_1-02-RUN-3-POLAR-518.csv,17
518,0.729167,6.00891,15673500,0.86466,-0.107868,0.869714,pressure_data_RWC.01_1-02-RUN-3-POLAR-518.zip,Force_data_RWC.01_1-02-RUN-3-POLAR-518.csv,18
519,0.739815,-2.0026,15805100,-0.0882959,-0.0830983,-0.0883411,pressure_data_RWC.01_1-02-RUN-3-POLAR-519.zip,Force_data_RWC.01_1-02-RUN-3-POLAR-519.csv,2
519,0.740263,-1.53677,15750900,-0.0106259,-0.0855357,-0.0106289,pressure_data_RWC.01_1-02-RUN-3-POLAR-519.zip,Force_data_RWC.01_1-02-RUN-3-POLAR-519.csv,3
519,0.740471,-1.47261,15707600,-0.000145509,-0.0857768,-0.000145547,pressure_data_RWC.01_1-02-RUN-3-POLAR-519.zip,Force_data_RWC.01_1-02-RUN-3-POLAR-519.csv,4
519,0.74047,-1.01912,15653500,0.0780919,-0.087679,0.0781005,pressure_data_RWC.01_1-02-RUN-3-POLAR-519.zip,Force_data_RWC.01_1-02-RUN-3-POLAR-519.csv,5
519,0.740504,-0.49447,15638000,0.176113,-0.0911279,0.176116,pressure_data_RWC.01_1-02-RUN-3-POLAR-519.zip,Force_data_RWC.01_1-02-RUN-3-POLAR-519.csv,6
519,0.740375,0.0122709,15602700,0.280702,-0.0952554,0.280703,pressure_data_RWC.01_1-02-RUN-3-POLAR-519.zip,Force_data_RWC.01_1-02-RUN-3-POLAR-519.csv,7
519,0.740277,0.522466,15577700,0.386982,-0.0997943,0.38701,pressure_data_RWC.01_1-02-RUN-3-POLAR-519.zip,Force_data_RWC.01_1-02-RUN-3-POLAR-519.csv,8
519,0.739258,1.01031,15642400,0.491476,-0.105424,0.49158,pressure_data_RWC.01_1-02-RUN-3-POLAR-519.zip,Force_data_RWC.01_1-02-RUN-3-POLAR-519.csv,9
519,0.737727,1.52041,15630200,0.59008,-0.112194,0.590337,pressure_data_RWC.01_1-02-RUN-3-POLAR-519.zip,Force_data_RWC.01_1-02-RUN-3-POLAR-519.csv,10
519,0.739559,2.00906,15578200,0.684858,-0.124424,0.685354,pressure_data_RWC.01_1-02-RUN-3-POLAR-519.zip,Force_data_RWC.01_1-02-RUN-3-POLAR-519.csv,11
519,0.739519,2.51655,15685200,0.743919,-0.132033,0.744738,pressure_data_RWC.01_1-02-RUN-3-POLAR-519.zip,Force_data_RWC.01_1-02-RUN-3-POLAR-519.csv,12
519,0.739564,3.00572,15702000,0.748471,-0.123268,0.749622,pressure_data_RWC.01_1-02-RUN-3-POLAR-519.zip,Force_data_RWC.01_1-02-RUN-3-POLAR-519.csv,13
519,0.739028,3.5161,15679500,0.761889,-0.116707,0.763469,pressure_data_RWC.01_1-02-RUN-3-POLAR-519.zip,Force_data_RWC.01_1-02-RUN-3-POLAR-519.csv,14
519,0.738381,4.02703,15623100,0.783155,-0.113627,0.785261,pressure_data_RWC.01_1-02-RUN-3-POLAR-519.zip,Force_data_RWC.01_1-02-RUN-3-POLAR-519.csv,15
519,0.738185,4.51931,15494800,0.792963,-0.111027,0.795627,pressure_data_RWC.01_1-02-RUN-3-POLAR-519.zip,Force_data_RWC.01_1-02-RUN-3-POLAR-519.csv,16
519,0.73817,5.00915,15546700,0.805075,-0.109012,0.808376,pressure_data_RWC.01_1-02-RUN-3-POLAR-519.zip,Force_data_RWC.01_1-02-RUN-3-POLAR-519.csv,17
519,0.738297,5.5138,15615200,0.827477,-0.111634,0.831566,pressure_data_RWC.01_1-02-RUN-3-POLAR-519.zip,Force_data_RWC.01_1-02-RUN-3-POLAR-519.csv,18
519,0.738822,6.01145,15562800,0.855625,-0.116925,0.86063,pressure_data_RWC.01_1-02-RUN-3-POLAR-519.zip,Force_data_RWC.01_1-02-RUN-3-POLAR-519.csv,19
520,0.749712,-2.02451,15666000,-0.107685,-0.08005,-0.107741,pressure_data_RWC.01_1-02-RUN-3-POLAR-520.zip,Force_data_RWC.01_1-02-RUN-3-POLAR-520.csv,2
520,0.750956,-0.998484,15714700,0.082312,-0.0895713,0.0823206,pressure_data_RWC.01_1-02-RUN-3-POLAR-520.zip,Force_data_RWC.01_1-02-RUN-3-POLAR-520.csv,3
520,0.75081,0.0243599,15707900,0.289279,-0.0985581,0.289281,pressure_data_RWC.01_1-02-RUN-3-POLAR-520.zip,Force_data_RWC.01_1-02-RUN-3-POLAR-520.csv,4
520,0.748836,1.00866,15652400,0.500105,-0.11303,0.500211,pressure_data_RWC.01_1-02-RUN-3-POLAR-520.zip,Force_data_RWC.01_1-02-RUN-3-POLAR-520.csv,5
520,0.74977,2.02769,15557300,0.656533,-0.132175,0.657017,pressure_data_RWC.01_1-02-RUN-3-POLAR-520.zip,Force_data_RWC.01_1-02-RUN-3-POLAR-520.csv,6
520,0.74807,3.01354,15578300,0.693835,-0.119793,0.694908,pressure_data_RWC.01_1-02-RUN-3-POLAR-520.zip,Force_data_RWC.01_1-02-RUN-3-POLAR-520.csv,7
520,0.74948,4.01603,15587700,0.7274,-0.114292,0.729346,pressure_data_RWC.01_1-02-RUN-3-POLAR-520.zip,Force_data_RWC.01_1-02-RUN-3-POLAR-520.csv,8
520,0.7495,5.01879,15565200,0.776316,-0.117202,0.779511,pressure_data_RWC.01_1-02-RUN-3-POLAR-520.zip,Force_data_RWC.01_1-02-RUN-3-POLAR-520.csv,9
521,0.759322,-3.97985,15607600,-0.357362,-0.0359897,-0.358153,pressure_data_RWC.01_1-02-RUN-3-POLAR-521.zip,Force_data_RWC.01_1-02-RUN-3-POLAR-521.csv,2
521,0.760858,-2.01236,15727100,-0.106363,-0.0760814,-0.106418,pressure_data_RWC.01_1-02-RUN-3-POLAR-521.zip,Force_data_RWC.01_1-02-RUN-3-POLAR-521.csv,3
521,0.760938,-0.999484,15751200,0.0723098,-0.0883895,0.0723174,pressure_data_RWC.01_1-02-RUN-3-POLAR-521.zip,Force_data_RWC.01_1-02-RUN-3-POLAR-521.csv,4
521,0.76,0.0163611,15754000,0.295935,-0.103246,0.295937,pressure_data_RWC.01_1-02-RUN-3-POLAR-521.zip,Force_data_RWC.01_1-02-RUN-3-POLAR-521.csv,5
521,0.757548,1.00794,15623400,0.512874,-0.125763,0.512982,pressure_data_RWC.01_1-02-RUN-3-POLAR-521.zip,Force_data_RWC.01_1-02-RUN-3-POLAR-521.csv,6
521,0.758504,2.00658,15646900,0.601864,-0.129151,0.602299,pressure_data_RWC.01_1-02-RUN-3-POLAR-521.zip,Force_data_RWC.01_1-02-RUN-3-POLAR-521.csv,7
521,0.757595,3.01554,15525100,0.640116,-0.117627,0.641107,pressure_data_RWC.01_1-02-RUN-3-POLAR-521.zip,Force_data_RWC.01_1-02-RUN-3-POLAR-521.csv,8
521,0.759062,4.01524,15580400,0.685299,-0.116721,0.687132,pressure_data_RWC.01_1-02-RUN-3-POLAR-521.zip,Force_data_RWC.01_1-02-RUN-3-POLAR-521.csv,9
521,0.759376,5.00006,15656700,0.753788,-0.126574,0.756868,pressure_data_RWC.01_1-02-RUN-3-POLAR-521.zip,Force_data_RWC.01_1-02-RUN-3-POLAR-521.csv,10
522,0.770472,-3.99003,15616300,-0.308442,-0.0397694,-0.309129,pressure_data_RWC.01_1-02-RUN-3-POLAR-522.zip,Force_data_RWC.01_1-02-RUN-3-POLAR-522.csv,2
522,0.771198,-1.97903,15787700,-0.120051,-0.0592055,-0.120111,pressure_data_RWC.01_1-02-RUN-3-POLAR-522.zip,Force_data_RWC.01_1-02-RUN-3-POLAR-522.csv,3
522,0.769853,-1.00176,15821400,0.082533,-0.0905486,0.0825417,pressure_data_RWC.01_1-02-RUN-3-POLAR-522.zip,Force_data_RWC.01_1-02-RUN-3-POLAR-522.csv,4
522,0.769476,0.0301772,15847700,0.308162,-0.111617,0.308164,pressure_data_RWC.01_1-02-RUN-3-POLAR-522.zip,Force_data_RWC.01_1-02-RUN-3-POLAR-522.csv,5
522,0.769264,0.966944,15784000,0.477519,-0.133908,0.477613,pressure_data_RWC.01_1-02-RUN-3-POLAR-522.zip,Force_data_RWC.01_1-02-RUN-3-POLAR-522.csv,6
522,0.770119,2.01112,15597200,0.531528,-0.123836,0.531914,pressure_data_RWC.01_1-02-RUN-3-POLAR-522.zip,Force_data_RWC.01_1-02-RUN-3-POLAR-522.csv,7
523,0.770358,1.9897,15885600,0.528979,-0.123989,0.529355,pressure_data_RWC.01_1-02-RUN-3-POLAR-523.zip,Force_data_RWC.01_1-02-RUN-3-POLAR-523.csv,2
523,0.770106,2.99445,15846000,0.577215,-0.117833,0.578096,pressure_data_RWC.01_1-02-RUN-3-POLAR-523.zip,Force_data_RWC.01_1-02-RUN-3-POLAR-523.csv,3
523,0.7698,3.98884,15772600,0.641245,-0.1214,0.642939,pressure_data_RWC.01_1-02-RUN-3-POLAR-523.zip,Force_data_RWC.01_1-02-RUN-3-POLAR-523.csv,4
523,0.769541,4.97084,15614500,0.737379,-0.14002,0.740358,pressure_data_RWC.01_1-02-RUN-3-POLAR-523.zip,Force_data_RWC.01_1-02-RUN-3-POLAR-523.csv,5
524,0.780179,-4.0043,15492100,-0.22678,-0.0633625,-0.227289,pressure_data_RWC.01_1-02-RUN-3-POLAR-524.zip,Force_data_RWC.01_1-02-RUN-3-POLAR-524.csv,2
524,0.779966,-3.00009,15541000,-0.182938,-0.0482648,-0.183161,pressure_data_RWC.01_1-02-RUN-3-POLAR-524.zip,Force_data_RWC.01_1-02-RUN-3-POLAR-524.csv,3
524,0.779611,-2.01111,15591200,-0.100884,-0.0528291,-0.100936,pressure_data_RWC.01_1-02-RUN-3-POLAR-524.zip,Force_data_RWC.01_1-02-RUN-3-POLAR-524.csv,4
524,0.778744,-1.0283,15655900,0.0858541,-0.0917661,0.0858637,pressure_data_RWC.01_1-02-RUN-3-POLAR-524.zip,Force_data_RWC.01_1-02-RUN-3-POLAR-524.csv,5
524,0.779919,-0.0374046,15691900,0.302709,-0.123563,0.30271,pressure_data_RWC.01_1-02-RUN-3-POLAR-524.zip,Force_data_RWC.01_1-02-RUN-3-POLAR-524.csv,6
524,0.779256,0.00116649,15680600,0.310435,-0.124137,0.310437,pressure_data_RWC.01_1-02-RUN-3-POLAR-524.zip,Force_data_RWC.01_1-02-RUN-3-POLAR-524.csv,7
524,0.779707,0.973216,15679400,0.411875,-0.127583,0.411957,pressure_data_RWC.01_1-02-RUN-3-POLAR-524.zip,Force_data_RWC.01_1-02-RUN-3-POLAR-524.csv,8
524,0.779011,1.98063,15804900,0.472918,-0.119427,0.473251,pressure_data_RWC.01_1-02-RUN-3-POLAR-524.zip,Force_data_RWC.01_1-02-RUN-3-POLAR-524.csv,9
524,0.779169,2.98964,15821600,0.533989,-0.118707,0.534802,pressure_data_RWC.01_1-02-RUN-3-POLAR-524.zip,Force_data_RWC.01_1-02-RUN-3-POLAR-524.csv,10
524,0.778641,3.99036,15799800,0.606896,-0.126336,0.6085,pressure_data_RWC.01_1-02-RUN-3-POLAR-524.zip,Force_data_RWC.01_1-02-RUN-3-POLAR-524.csv,11
524,0.779378,4.9797,15532100,0.738953,-0.164514,0.741948,pressure_data_RWC.01_1-02-RUN-3-POLAR-524.zip,Force_data_RWC.01_1-02-RUN-3-POLAR-524.csv,12
525,0.730432,-1.98715,15726400,-0.08991,-0.0821632,-0.0899553,pressure_data_RWC.01_1-02-RUN-3-POLAR-525.zip,Force_data_RWC.01_1-02-RUN-3-POLAR-525.csv,2
525,0.729693,-1.00267,15724200,0.0808351,-0.0863775,0.0808436,pressure_data_RWC.01_1-02-RUN-3-POLAR-525.zip,Force_data_RWC.01_1-02-RUN-3-POLAR-525.csv,3
525,0.729713,0.00672625,15700900,0.272153,-0.0928578,0.272155,pressure_data_RWC.01_1-02-RUN-3-POLAR-525.zip,Force_data_RWC.01_1-02-RUN-3-POLAR-525.csv,4
525,0.729845,1.00994,15653000,0.472525,-0.0998532,0.472625,pressure_data_RWC.01_1-02-RUN-3-POLAR-525.zip,Force_data_RWC.01_1-02-RUN-3-POLAR-525.csv,5
525,0.729683,2.01478,15611500,0.669039,-0.110603,0.669526,pressure_data_RWC.01_1-02-RUN-3-POLAR-525.zip,Force_data_RWC.01_1-02-RUN-3-POLAR-525.csv,6
525,0.729963,3.01445,15607600,0.817441,-0.127984,0.818705,pressure_data_RWC.01_1-02-RUN-3-POLAR-525.zip,Force_data_RWC.01_1-02-RUN-3-POLAR-525.csv,7
525,0.730637,4.01048,15597000,0.827049,-0.116105,0.829256,pressure_data_RWC.01_1-02-RUN-3-POLAR-525.zip,Force_data_RWC.01_1-02-RUN-3-POLAR-525.csv,8
525,0.7293,5.01633,15581400,0.831619,-0.105891,0.835039,pressure_data_RWC.01_1-02-RUN-3-POLAR-525.zip,Force_data_RWC.01_1-02-RUN-3-POLAR-525.csv,9
526,0.729821,-2.01697,13633100,-0.089536,-0.0818649,-0.0895826,pressure_data_RWC.01_1-02-RUN-3-POLAR-526.zip,Force_data_RWC.01_1-02-RUN-3-POLAR-526.csv,2
526,0.731252,-1.50404,13516400,-0.00610624,-0.0836761,-0.0061079,pressure_data_RWC.01_1-02-RUN-3-POLAR-526.zip,Force_data_RWC.01_1-02-RUN-3-POLAR-526.csv,3
526,0.729519,-1.02357,13532500,0.0800382,-0.0860037,0.0800471,pressure_data_RWC.01_1-02-RUN-3-POLAR-526.zip,Force_data_RWC.01_1-02-RUN-3-POLAR-526.csv,4
526,0.729897,-0.511104,13481700,0.171513,-0.0889677,0.171516,pressure_data_RWC.01_1-02-RUN-3-POLAR-526.zip,Force_data_RWC.01_1-02-RUN-3-POLAR-526.csv,5
526,0.730089,-0.00799878,13481200,0.269977,-0.0924432,0.269978,pressure_data_RWC.01_1-02-RUN-3-POLAR-526.zip,Force_data_RWC.01_1-02-RUN-3-POLAR-526.csv,6
526,0.729719,0.494834,13448500,0.368109,-0.0957746,0.368134,pressure_data_RWC.01_1-02-RUN-3-POLAR-526.zip,Force_data_RWC.01_1-02-RUN-3-POLAR-526.csv,7
526,0.729299,0.997121,13454000,0.467122,-0.0990083,0.467219,pressure_data_RWC.01_1-02-RUN-3-POLAR-526.zip,Force_data_RWC.01_1-02-RUN-3-POLAR-526.csv,8
526,0.729915,1.49904,13457200,0.560705,-0.102717,0.560943,pressure_data_RWC.01_1-02-RUN-3-POLAR-526.zip,Force_data_RWC.01_1-02-RUN-3-POLAR-526.csv,9
526,0.730046,2.00151,13415600,0.663191,-0.10966,0.663668,pressure_data_RWC.01_1-02-RUN-3-POLAR-526.zip,Force_data_RWC.01_1-02-RUN-3-POLAR-526.csv,10
526,0.729929,2.50344,13346900,0.763529,-0.121883,0.764361,pressure_data_RWC.01_1-02-RUN-3-POLAR-526.zip,Force_data_RWC.01_1-02-RUN-3-POLAR-526.csv,11
526,0.729333,3.00391,13578500,0.820693,-0.127032,0.821954,pressure_data_RWC.01_1-02-RUN-3-POLAR-526.zip,Force_data_RWC.01_1-02-RUN-3-POLAR-526.csv,12
526,0.730032,3.50565,13624300,0.821949,-0.119852,0.823643,pressure_data_RWC.01_1-02-RUN-3-POLAR-526.zip,Force_data_RWC.01_1-02-RUN-3-POLAR-526.csv,13
526,0.73001,4.00966,13623800,0.830842,-0.115815,0.833058,pressure_data_RWC.01_1-02-RUN-3-POLAR-526.zip,Force_data_RWC.01_1-02-RUN-3-POLAR-526.csv,14
526,0.729601,4.51341,13572600,0.827947,-0.109576,0.830722,pressure_data_RWC.01_1-02-RUN-3-POLAR-526.zip,Force_data_RWC.01_1-02-RUN-3-POLAR-526.csv,15
526,0.729926,5.01642,13496300,0.826819,-0.104837,0.830219,pressure_data_RWC.01_1-02-RUN-3-POLAR-526.zip,Force_data_RWC.01_1-02-RUN-3-POLAR-526.csv,16
526,0.730343,5.51671,13398900,0.836607,-0.104337,0.840746,pressure_data_RWC.01_1-02-RUN-3-POLAR-526.zip,Force_data_RWC.01_1-02-RUN-3-POLAR-526.csv,17
526,0.729328,6.01374,13471300,0.856757,-0.105713,0.861772,pressure_data_RWC.01_1-02-RUN-3-POLAR-526.zip,Force_data_RWC.01_1-02-RUN-3-POLAR-526.csv,18
527,0.729347,-2.01315,11307400,-0.0885553,-0.0813491,-0.0886012,pressure_data_RWC.01_1-02-RUN-3-POLAR-527.zip,Force_data_RWC.01_1-02-RUN-3-POLAR-527.csv,2
527,0.729473,-1.50323,11351400,-0.00470231,-0.083252,-0.00470359,pressure_data_RWC.01_1-02-RUN-3-POLAR-527.zip,Force_data_RWC.01_1-02-RUN-3-POLAR-527.csv,3
527,0.730601,-1.02166,11314400,0.0793387,-0.0856847,0.0793475,pressure_data_RWC.01_1-02-RUN-3-POLAR-527.zip,Force_data_RWC.01_1-02-RUN-3-POLAR-527.csv,4
527,0.729149,-0.513013,11335700,0.170236,-0.0883487,0.170239,pressure_data_RWC.01_1-02-RUN-3-POLAR-527.zip,Force_data_RWC.01_1-02-RUN-3-POLAR-527.csv,5
527,0.730044,0.00126904,11150200,0.27067,-0.0919559,0.270671,pressure_data_RWC.01_1-02-RUN-3-POLAR-527.zip,Force_data_RWC.01_1-02-RUN-3-POLAR-527.csv,6
527,0.730063,0.503014,11108100,0.368209,-0.095317,0.368234,pressure_data_RWC.01_1-02-RUN-3-POLAR-527.zip,Force_data_RWC.01_1-02-RUN-3-POLAR-527.csv,7
527,0.7301,1.0053,11153100,0.467094,-0.0986047,0.467192,pressure_data_RWC.01_1-02-RUN-3-POLAR-527.zip,Force_data_RWC.01_1-02-RUN-3-POLAR-527.csv,8
527,0.729559,1.50659,11174900,0.557863,-0.101622,0.558102,pressure_data_RWC.01_1-02-RUN-3-POLAR-527.zip,Force_data_RWC.01_1-02-RUN-3-POLAR-527.csv,9
527,0.729832,2.00997,11152500,0.658744,-0.107933,0.659221,pressure_data_RWC.01_1-02-RUN-3-POLAR-527.zip,Force_data_RWC.01_1-02-RUN-3-POLAR-527.csv,10
527,0.729842,2.51351,11144300,0.757073,-0.118719,0.757904,pressure_data_RWC.01_1-02-RUN-3-POLAR-527.zip,Force_data_RWC.01_1-02-RUN-3-POLAR-527.csv,11
527,0.730307,3.01572,11138700,0.812789,-0.125234,0.814047,pressure_data_RWC.01_1-02-RUN-3-POLAR-527.zip,Force_data_RWC.01_1-02-RUN-3-POLAR-527.csv,12
527,0.730055,3.51847,11072500,0.823816,-0.118519,0.825527,pressure_data_RWC.01_1-02-RUN-3-POLAR-527.zip,Force_data_RWC.01_1-02-RUN-3-POLAR-527.csv,13
527,0.729612,4.01039,11124700,0.829847,-0.114513,0.832062,pressure_data_RWC.01_1-02-RUN-3-POLAR-527.zip,Force_data_RWC.01_1-02-RUN-3-POLAR-527.csv,14
527,0.730498,4.51404,11098800,0.819195,-0.108074,0.82194,pressure_data_RWC.01_1-02-RUN-3-POLAR-527.zip,Force_data_RWC.01_1-02-RUN-3-POLAR-527.csv,15
527,0.72968,5.0157,11092500,0.824785,-0.104031,0.828176,pressure_data_RWC.01_1-02-RUN-3-POLAR-527.zip,Force_data_RWC.01_1-02-RUN-3-POLAR-527.csv,16
527,0.730501,5.50762,11070100,0.831252,-0.10273,0.835351,pressure_data_RWC.01_1-02-RUN-3-POLAR-527.zip,Force_data_RWC.01_1-02-RUN-3-POLAR-527.csv,17
527,0.729348,6.00391,11060100,0.851852,-0.104218,0.856823,pressure_data_RWC.01_1-02-RUN-3-POLAR-527.zip,Force_data_RWC.01_1-02-RUN-3-POLAR-527.csv,18
528,0.597929,-1.99742,8981720,-0.0491555,-0.0718857,-0.0491806,pressure_data_RWC.01_1-02-RUN-3-POLAR-528.zip,Force_data_RWC.01_1-02-RUN-3-POLAR-528.csv,2
528,0.597614,-1.02073,8984580,0.0895962,-0.0747287,0.0896059,pressure_data_RWC.01_1-02-RUN-3-POLAR-528.zip,Force_data_RWC.01_1-02-RUN-3-POLAR-528.csv,3
528,0.59789,-0.0243016,8997560,0.241842,-0.0782595,0.241843,pressure_data_RWC.01_1-02-RUN-3-POLAR-528.zip,Force_data_RWC.01_1-02-RUN-3-POLAR-528.csv,4
528,0.597868,0.965808,8993410,0.393382,-0.081424,0.393464,pressure_data_RWC.01_1-02-RUN-3-POLAR-528.zip,Force_data_RWC.01_1-02-RUN-3-POLAR-528.csv,5
528,0.598261,1.95542,8989600,0.541332,-0.0835499,0.541721,pressure_data_RWC.01_1-02-RUN-3-POLAR-528.zip,Force_data_RWC.01_1-02-RUN-3-POLAR-528.csv,6
528,0.598937,2.94759,8972340,0.681753,-0.084057,0.682802,pressure_data_RWC.01_1-02-RUN-3-POLAR-528.zip,Force_data_RWC.01_1-02-RUN-3-POLAR-528.csv,7
528,0.600502,3.94213,8963060,0.819098,-0.0810549,0.821288,pressure_data_RWC.01_1-02-RUN-3-POLAR-528.zip,Force_data_RWC.01_1-02-RUN-3-POLAR-528.csv,8
528,0.604119,4.93808,8957380,0.945993,-0.0728918,0.949894,pressure_data_RWC.01_1-02-RUN-3-POLAR-528.zip,Force_data_RWC.01_1-02-RUN-3-POLAR-528.csv,9
528,0.606938,5.92214,9013640,1.04691,-0.065755,1.05305,pressure_data_RWC.01_1-02-RUN-3-POLAR-528.zip,Force_data_RWC.01_1-02-RUN-3-POLAR-528.csv,10
528,0.612007,6.88668,9037510,1.13619,-0.058216,1.14514,pressure_data_RWC.01_1-02-RUN-3-POLAR-528.zip,Force_data_RWC.01_1-02-RUN-3-POLAR-528.csv,11
528,0.616963,7.87188,9068440,1.20702,-0.0503683,1.21938,pressure_data_RWC.01_1-02-RUN-3-POLAR-528.zip,Force_data_RWC.01_1-02-RUN-3-POLAR-528.csv,12
529,0.719521,-1.97348,8927290,-0.0777851,-0.0801446,-0.0778243,pressure_data_RWC.01_1-02-RUN-3-POLAR-529.zip,Force_data_RWC.01_1-02-RUN-3-POLAR-529.csv,2
529,0.719319,-1.03506,8899580,0.0811689,-0.0838475,0.0811778,pressure_data_RWC.01_1-02-RUN-3-POLAR-529.zip,Force_data_RWC.01_1-02-RUN-3-POLAR-529.csv,3
529,0.719604,-0.05984,8930620,0.263254,-0.0893679,0.263255,pressure_data_RWC.01_1-02-RUN-3-POLAR-529.zip,Force_data_RWC.01_1-02-RUN-3-POLAR-529.csv,4
529,0.721627,0.906772,9007540,0.44972,-0.0948511,0.449813,pressure_data_RWC.01_1-02-RUN-3-POLAR-529.zip,Force_data_RWC.01_1-02-RUN-3-POLAR-529.csv,5
529,0.726043,1.87325,9064580,0.624473,-0.0980912,0.624919,pressure_data_RWC.01_1-02-RUN-3-POLAR-529.zip,Force_data_RWC.01_1-02-RUN-3-POLAR-529.csv,6
529,0.732062,2.83937,9060700,0.810019,-0.109862,0.811263,pressure_data_RWC.01_1-02-RUN-3-POLAR-529.zip,Force_data_RWC.01_1-02-RUN-3-POLAR-529.csv,7
529,0.738619,3.8318,9031490,0.862483,-0.112798,0.864785,pressure_data_RWC.01_1-02-RUN-3-POLAR-529.zip,Force_data_RWC.01_1-02-RUN-3-POLAR-529.csv,8
529,0.743185,4.82872,9118550,0.852823,-0.104122,0.856321,pressure_data_RWC.01_1-02-RUN-3-POLAR-529.zip,Force_data_RWC.01_1-02-RUN-3-POLAR-529.csv,9
529,0.749412,5.82224,9117830,0.859877,-0.102867,0.864903,pressure_data_RWC.01_1-02-RUN-3-POLAR-529.zip,Force_data_RWC.01_1-02-RUN-3-POLAR-529.csv,10
530,0.729778,-2.0077,8948420,-0.0867985,-0.0806113,-0.086844,pressure_data_RWC.01_1-02-RUN-3-POLAR-530.zip,Force_data_RWC.01_1-02-RUN-3-POLAR-530.csv,2
530,0.729819,-1.50214,8951280,-0.00360317,-0.082747,-0.00360415,pressure_data_RWC.01_1-02-RUN-3-POLAR-530.zip,Force_data_RWC.01_1-02-RUN-3-POLAR-530.csv,3
530,0.729634,-1.03612,8926700,0.0796602,-0.0849234,0.079669,pressure_data_RWC.01_1-02-RUN-3-POLAR-530.zip,Force_data_RWC.01_1-02-RUN-3-POLAR-530.csv,4
530,0.729601,-0.548336,8919260,0.169553,-0.0876638,0.169556,pressure_data_RWC.01_1-02-RUN-3-POLAR-530.zip,Force_data_RWC.01_1-02-RUN-3-POLAR-530.csv,5
530,0.729601,-0.0556745,8926450,0.267796,-0.0909447,0.267797,pressure_data_RWC.01_1-02-RUN-3-POLAR-530.zip,Force_data_RWC.01_1-02-RUN-3-POLAR-530.csv,6
530,0.730914,0.429109,9000330,0.363807,-0.0941417,0.363832,pressure_data_RWC.01_1-02-RUN-3-POLAR-530.zip,Force_data_RWC.01_1-02-RUN-3-POLAR-530.csv,7
530,0.731559,0.911597,9078820,0.458817,-0.0968643,0.458914,pressure_data_RWC.01_1-02-RUN-3-POLAR-530.zip,Force_data_RWC.01_1-02-RUN-3-POLAR-530.csv,8
530,0.734818,1.39279,9124340,0.548156,-0.0999821,0.548391,pressure_data_RWC.01_1-02-RUN-3-POLAR-530.zip,Force_data_RWC.01_1-02-RUN-3-POLAR-530.csv,9
530,0.737218,1.8729,9153270,0.643021,-0.104946,0.643485,pressure_data_RWC.01_1-02-RUN-3-POLAR-530.zip,Force_data_RWC.01_1-02-RUN-3-POLAR-530.csv,10
530,0.739843,2.35427,9189040,0.734464,-0.113185,0.735267,pressure_data_RWC.01_1-02-RUN-3-POLAR-530.zip,Force_data_RWC.01_1-02-RUN-3-POLAR-530.csv,11
530,0.743885,2.84342,9168720,0.794912,-0.120305,0.79614,pressure_data_RWC.01_1-02-RUN-3-POLAR-530.zip,Force_data_RWC.01_1-02-RUN-3-POLAR-530.csv,12
530,0.745907,3.33493,9130570,0.802671,-0.114497,0.804327,pressure_data_RWC.01_1-02-RUN-3-POLAR-530.zip,Force_data_RWC.01_1-02-RUN-3-POLAR-530.csv,13
530,0.748995,3.83677,9121810,0.801509,-0.10991,0.803648,pressure_data_RWC.01_1-02-RUN-3-POLAR-530.zip,Force_data_RWC.01_1-02-RUN-3-POLAR-530.csv,14
530,0.752437,4.33992,9113080,0.793275,-0.104214,0.795934,pressure_data_RWC.01_1-02-RUN-3-POLAR-530.zip,Force_data_RWC.01_1-02-RUN-3-POLAR-530.csv,15
530,0.754081,4.82863,9155710,0.795681,-0.0999411,0.798938,pressure_data_RWC.01_1-02-RUN-3-POLAR-530.zip,Force_data_RWC.01_1-02-RUN-3-POLAR-530.csv,16
530,0.758188,5.32751,9156460,0.798587,-0.0979542,0.802525,pressure_data_RWC.01_1-02-RUN-3-POLAR-530.zip,Force_data_RWC.01_1-02-RUN-3-POLAR-530.csv,17
530,0.763049,5.81954,9139370,0.809206,-0.0999718,0.813929,pressure_data_RWC.01_1-02-RUN-3-POLAR-530.zip,Force_data_RWC.01_1-02-RUN-3-POLAR-530.csv,18
531,0.74103,-2.00378,9061610,-0.0819352,-0.0819771,-0.081978,pressure_data_RWC.01_1-02-RUN-3-POLAR-531.zip,Force_data_RWC.01_1-02-RUN-3-POLAR-531.csv,2
531,0.740727,-1.04171,9053590,0.0770427,-0.085991,0.0770513,pressure_data_RWC.01_1-02-RUN-3-POLAR-531.zip,Force_data_RWC.01_1-02-RUN-3-POLAR-531.csv,3
531,0.740687,-0.0608638,9052230,0.271562,-0.0928701,0.271563,pressure_data_RWC.01_1-02-RUN-3-POLAR-531.zip,Force_data_RWC.01_1-02-RUN-3-POLAR-531.csv,4
531,0.743141,0.902425,9048890,0.4713,-0.101111,0.471399,pressure_data_RWC.01_1-02-RUN-3-POLAR-531.zip,Force_data_RWC.01_1-02-RUN-3-POLAR-531.csv,5
531,0.750009,1.85959,9054280,0.658784,-0.117868,0.659258,pressure_data_RWC.01_1-02-RUN-3-POLAR-531.zip,Force_data_RWC.01_1-02-RUN-3-POLAR-531.csv,6
531,0.756256,2.85023,9040980,0.721163,-0.116647,0.722276,pressure_data_RWC.01_1-02-RUN-3-POLAR-531.zip,Force_data_RWC.01_1-02-RUN-3-POLAR-531.csv,7
531,0.760347,3.84191,9100760,0.740181,-0.105695,0.742156,pressure_data_RWC.01_1-02-RUN-3-POLAR-531.zip,Force_data_RWC.01_1-02-RUN-3-POLAR-531.csv,8
531,0.766697,4.83155,9088210,0.747795,-0.0990751,0.750856,pressure_data_RWC.01_1-02-RUN-3-POLAR-531.zip,Force_data_RWC.01_1-02-RUN-3-POLAR-531.csv,9
532,0.751983,-1.99647,8979670,-0.0943066,-0.0797029,-0.0943557,pressure_data_RWC.01_1-02-RUN-3-POLAR-532.zip,Force_data_RWC.01_1-02-RUN-3-POLAR-532.csv,2
532,0.751822,-1.03639,8982560,0.0796772,-0.0877233,0.079686,pressure_data_RWC.01_1-02-RUN-3-POLAR-532.zip,Force_data_RWC.01_1-02-RUN-3-POLAR-532.csv,3
532,0.75133,-0.0640119,8992410,0.276537,-0.0951679,0.276539,pressure_data_RWC.01_1-02-RUN-3-POLAR-532.zip,Force_data_RWC.01_1-02-RUN-3-POLAR-532.csv,4
532,0.756417,0.892611,8998320,0.48478,-0.109879,0.484881,pressure_data_RWC.01_1-02-RUN-3-POLAR-532.zip,Force_data_RWC.01_1-02-RUN-3-POLAR-532.csv,5
532,0.763195,1.85685,9013000,0.634547,-0.125834,0.635003,pressure_data_RWC.01_1-02-RUN-3-POLAR-532.zip,Force_data_RWC.01_1-02-RUN-3-POLAR-532.csv,6
532,0.766883,2.85519,9062650,0.662419,-0.112118,0.66344,pressure_data_RWC.01_1-02-RUN-3-POLAR-532.zip,Force_data_RWC.01_1-02-RUN-3-POLAR-532.csv,7
532,0.772458,3.84588,9090640,0.687505,-0.103808,0.689338,pressure_data_RWC.01_1-02-RUN-3-POLAR-532.zip,Force_data_RWC.01_1-02-RUN-3-POLAR-532.csv,8
532,0.779078,4.83719,9124140,0.724698,-0.104818,0.727674,pressure_data_RWC.01_1-02-RUN-3-POLAR-532.zip,Force_data_RWC.01_1-02-RUN-3-POLAR-532.csv,9
533,0.294368,0.030641,4222970,0.221575,-0.0686343,0.221576,pressure_data_RWC.01_1-02-RUN-3-POLAR-533.zip,Force_data_RWC.01_1-02-RUN-3-POLAR-533.csv,2
533,0.294928,2.06796,4204290,0.459052,-0.0729721,0.459377,pressure_data_RWC.01_1-02-RUN-3-POLAR-533.zip,Force_data_RWC.01_1-02-RUN-3-POLAR-533.csv,3
533,0.295022,4.12077,4188160,0.697977,-0.0752247,0.699827,pressure_data_RWC.01_1-02-RUN-3-POLAR-533.zip,Force_data_RWC.01_1-02-RUN-3-POLAR-533.csv,4
533,0.295595,6.16744,4208390,0.924673,-0.0752036,0.930068,pressure_data_RWC.01_1-02-RUN-3-POLAR-533.zip,Force_data_RWC.01_1-02-RUN-3-POLAR-533.csv,5
533,0.295458,8.19855,4205680,1.11684,-0.0732556,1.1283,pressure_data_RWC.01_1-02-RUN-3-POLAR-533.zip,Force_data_RWC.01_1-02-RUN-3-POLAR-533.csv,6
533,0.297896,10.2131,4234400,1.18034,-0.0567213,1.19921,pressure_data_RWC.01_1-02-RUN-3-POLAR-533.zip,Force_data_RWC.01_1-02-RUN-3-POLAR-533.csv,7
533,0.300909,12.2143,4270120,1.13977,-0.0617659,1.16605,pressure_data_RWC.01_1-02-RUN-3-POLAR-533.zip,Force_data_RWC.01_1-02-RUN-3-POLAR-533.csv,8
533,0.305851,14.209,4326200,1.11702,-0.101001,1.15219,pressure_data_RWC.01_1-02-RUN-3-POLAR-533.zip,Force_data_RWC.01_1-02-RUN-3-POLAR-533.csv,9
533,0.309883,15.1969,4372270,1.12671,-0.112613,1.16746,pressure_data_RWC.01_1-02-RUN-3-POLAR-533.zip,Force_data_RWC.01_1-02-RUN-3-POLAR-533.csv,10
