MA,AA,Re,CL,CM,CD
0.698806,2.09938,19745700,0.36209,-0.0503584,0.0170009
0.699095,12.1321,4989410,0.88776,0.0636661,0.195845
0.699114,3.89702,19759100,0.5363,-0.0489857,0.0239428
0.699169,1.64946,19757000,0.317808,-0.0510371,0.0159022
0.699219,3.39534,19762600,0.487951,-0.0495681,0.0214962
0.699223,3.63645,19763000,0.51154,-0.0498997,0.0226863
0.699253,4.39363,19756800,0.583433,-0.0468571,0.0267549
0.699261,3.40017,29929200,0.489817,-0.0537973,0.0213344
0.699286,1.14434,19763400,0.267121,-0.0505216,0.0147164
0.699412,1.40148,29949300,0.294107,-0.0541026,0.0147938
0.69942,4.64218,19809100,0.6068,-0.0450934,0.0284591
0.6995,1.64953,29932700,0.318937,-0.0544174,0.0154481
0.699507,3.3808,19752000,0.487706,-0.0505487,0.021551
0.69955,2.89938,19760400,0.440562,-0.0504029,0.0195695
0.699603,0.647788,19750400,0.218405,-0.0499556,0.0137977
0.699644,-0.346092,29894300,0.120979,-0.0517025,0.0118435
0.699648,3.63867,29956500,0.513382,-0.0532443,0.0223104
0.699663,3.89592,29945900,0.538361,-0.0524386,0.0236163
0.699671,1.90883,4992920,0.341031,-0.0438051,0.0180956
0.699677,4.39072,29995300,0.585295,-0.0501003,0.0264587
0.699681,8.13492,4992070,0.819617,0.0222026,0.0903456
0.699686,2.63674,19767700,0.414549,-0.0503939,0.0186502
0.699691,4.63844,19806500,0.606854,-0.0444523,0.0282603
0.699699,6.63339,29983400,0.75281,-0.0158767,0.0502931
0.699721,2.40359,4996770,0.389407,-0.0445192,0.0195059
0.699732,-2.87755,4995140,-0.144887,-0.0281351,0.0156519
0.699748,0.211012,4993710,0.170215,-0.0400281,0.0148317
0.69976,1.14013,29964100,0.267916,-0.0539947,0.0142086
0.699767,4.14063,29960100,0.561033,-0.0513853,0.0249638
0.699793,-0.338072,19748500,0.120326,-0.0484009,0.0124744
0.699796,2.41383,4990650,0.38987,-0.0445111,0.0195323
0.699798,-1.82941,4995330,-0.0375145,-0.0321775,0.0142481
0.699798,4.89248,19772500,0.630371,-0.0436238,0.0302902
0.699815,3.14552,19780200,0.463576,-0.0501764,0.0205386
0.699818,10.6247,4993630,0.872474,0.0448021,0.157076
0.699821,2.14453,29945800,0.367958,-0.0546967,0.0168049
0.699834,11.6221,4994230,0.882683,0.0578883,0.183486
0.699836,0.652279,29941500,0.219681,-0.0533951,0.0132439
0.699843,2.66158,4995900,0.415188,-0.0442726,0.0203511
0.699846,3.65156,19780600,0.512515,-0.0489069,0.022632
0.699848,4.14249,19794200,0.558598,-0.0470173,0.0251697
0.69985,-0.854638,19750400,0.0690464,-0.0474043,0.012126
0.699857,1.89475,29948900,0.343194,-0.0545533,0.0160811
0.699866,2.91048,4991410,0.437791,-0.0443212,0.0212125
0.699897,-1.34449,29907200,0.0219359,-0.049599,0.0113516
0.699915,4.90104,19777400,0.631522,-0.0435765,0.0303495
0.699917,4.39146,19795300,0.582704,-0.0460089,0.0266224
0.699919,5.16254,4993330,0.652751,-0.0338015,0.0342657
0.699922,3.16357,4997360,0.461157,-0.0437048,0.0221658
0.699929,4.40832,4992430,0.578925,-0.0383933,0.0283757
0.699937,2.91292,4995100,0.437289,-0.0443259,0.0212387
0.699946,-0.834717,4993540,0.0642652,-0.0363842,0.0140536
0.699947,2.64515,29961700,0.416814,-0.0547271,0.0184245
0.699962,2.40232,29964400,0.392913,-0.0547519,0.0176366
0.699972,5.63697,19802800,0.694072,-0.0350661,0.0370174
0.700005,4.14768,4996180,0.554918,-0.0398835,0.0267895
0.700007,3.65118,19788100,0.512452,-0.0494594,0.0227795
0.700014,8.64264,4993370,0.838544,0.0318266,0.104928
0.700033,4.8889,30013300,0.632301,-0.0470536,0.0298982
0.700037,4.64393,30004000,0.608535,-0.0488056,0.0281693
0.700039,3.13881,29887900,0.466087,-0.0543224,0.0202824
0.700042,7.04772,4993330,0.784061,0.00461438,0.0628742
0.700044,4.65365,4994680,0.60329,-0.0369961,0.0301078
0.700052,4.15381,19811100,0.560331,-0.0476986,0.0253788
0.700057,2.15567,4995780,0.365616,-0.0441813,0.0188038
0.700062,3.90638,19784500,0.537589,-0.0490069,0.0240165
0.700062,-0.834162,29919100,0.0720573,-0.0508058,0.0115063
0.700071,1.16735,4994270,0.266683,-0.0425648,0.0163578
0.700077,-1.33572,4996030,0.0131149,-0.0344077,0.0140272
0.700082,4.63413,29974500,0.608026,-0.0488234,0.0280535
0.700086,4.64543,19791400,0.607083,-0.0454331,0.0284468
0.700091,3.16025,19760400,0.465559,-0.0507842,0.020697
0.700101,-2.89725,29932500,-0.134611,-0.0455316,0.012204
0.700123,4.64935,19779900,0.607834,-0.0453211,0.0285176
0.700124,3.16519,4996210,0.463623,-0.0436529,0.0221743
0.700127,5.15254,19800200,0.653729,-0.0414195,0.0324277
0.700131,9.11597,4993620,0.851726,0.0387185,0.117721
0.700136,2.15042,19777300,0.366966,-0.0512202,0.0172572
0.700149,4.13697,19771900,0.559862,-0.048101,0.0252216
0.700152,4.91366,4993420,0.628113,-0.0352475,0.0321229
0.700154,2.91018,4997710,0.439414,-0.0440247,0.0212011
0.700158,10.1263,4995460,0.859499,0.0426175,0.144262
0.700169,0.149635,19762300,0.168756,-0.0491849,0.0130171
0.700175,2.64863,19775600,0.416116,-0.0511859,0.0188156
0.700184,3.64265,29916100,0.513851,-0.053118,0.0224182
0.700187,3.89903,19776000,0.535878,-0.0480204,0.0238775
0.700212,3.40638,4996320,0.48751,-0.0427798,0.0231354
0.700218,4.16374,4996790,0.557927,-0.039571,0.0268797
0.700219,2.65767,4992650,0.413495,-0.0444968,0.0203416
0.70023,3.68696,4996310,0.511042,-0.0420242,0.024411
0.700235,5.16867,19811800,0.65523,-0.040815,0.0325554
0.700239,3.42179,4994880,0.485874,-0.0430875,0.0232051
0.700246,3.39476,4996880,0.485091,-0.043188,0.023038
0.700251,6.65502,4992490,0.775248,-0.0115236,0.0531204
0.700256,4.14819,19778500,0.559898,-0.0481536,0.0253488
0.700256,0.14273,29945200,0.16923,-0.0526353,0.012457
0.700256,3.64302,29945900,0.514002,-0.0533024,0.0223714
0.700259,2.39948,19762100,0.391015,-0.0504531,0.0179354
0.700272,-0.32445,4994910,0.115858,-0.0383112,0.0143132
0.700272,2.90135,29967400,0.442253,-0.0546634,0.0193229
0.700287,-1.85226,19755900,-0.0306075,-0.0450191,0.012018
0.700288,4.90164,30010400,0.632582,-0.0470471,0.0300918
0.70029,3.64898,4996700,0.510616,-0.0419824,0.0242011
0.700297,4.37816,29968900,0.584236,-0.0502267,0.0263707
0.700307,3.07583,30012700,0.459809,-0.054388,0.0199909
0.700308,3.17164,4994350,0.462405,-0.0437981,0.0221752
0.700326,9.606,4996650,0.845177,0.0370528,0.130441
0.700326,3.11003,19731200,0.461609,-0.0509396,0.0205112
0.700337,0.664623,4995780,0.216069,-0.0413727,0.0154553
0.700341,-1.34771,19754900,0.019779,-0.046239,0.0119524
0.700343,2.14025,4999020,0.362271,-0.0443479,0.0187788
0.700347,11.1275,4996180,0.875534,0.050409,0.170707
0.700356,2.41357,4997840,0.391797,-0.0442289,0.0195384
0.700363,-2.8238,19793700,-0.128416,-0.0422797,0.0128556
0.700376,4.3976,4997640,0.579661,-0.0384215,0.0283084
0.700384,3.66572,4995530,0.508724,-0.0421775,0.0243283
0.700395,4.14324,29975100,0.561582,-0.0513637,0.0249493
0.700398,1.64966,4995030,0.315693,-0.0434815,0.0174502
0.700398,3.38693,29932400,0.489372,-0.0539805,0.0212866
0.700408,7.73918,4995980,0.799189,0.0147293,0.079539
0.700408,3.90343,19807000,0.536991,-0.0487764,0.0239978
0.700409,3.1264,19796400,0.464084,-0.0510512,0.0205285
0.700417,4.39292,19790100,0.583851,-0.0468315,0.0267867
0.700421,3.41061,19787400,0.490319,-0.0505306,0.0217039
0.700425,3.92008,4997630,0.535037,-0.0408664,0.0255657
0.700436,3.9063,4997840,0.531986,-0.0411195,0.0254862
0.700437,4.39983,19823700,0.583814,-0.046529,0.0268346
0.700442,4.91214,4995800,0.628819,-0.0353464,0.032138
0.700468,5.64868,29979800,0.6972,-0.0385535,0.0367826
0.700506,3.39968,19767200,0.489451,-0.0502167,0.0216199
0.70055,4.16922,4996260,0.556467,-0.0398319,0.0269098
0.700551,5.14987,19798200,0.653829,-0.0413519,0.0324267
0.700552,4.15627,29975100,0.562825,-0.0511034,0.025039
0.700566,3.64467,19786000,0.513281,-0.0497257,0.0227128
0.700579,4.67632,4995140,0.60509,-0.0367575,0.030291
0.700586,-1.83313,29899000,-0.0277048,-0.0484284,0.0113483
0.700611,2.68067,4999160,0.414915,-0.0444564,0.0204239
0.700618,5.15133,30047900,0.655534,-0.0449582,0.03211
0.70063,4.6491,30001600,0.609698,-0.0486451,0.0281535
0.700684,4.90162,19844900,0.631939,-0.0433108,0.0303731
0.700716,5.16694,4999860,0.655842,-0.0334622,0.0343804
0.700717,5.65743,4997690,0.702401,-0.0303556,0.0392492
0.700721,5.15338,29965900,0.655748,-0.0446581,0.0321531
0.700736,3.90843,4996790,0.532535,-0.0411374,0.0254672
0.700772,3.14165,29983400,0.466199,-0.0543075,0.0202291
0.700811,3.88973,29974900,0.537731,-0.0522738,0.0235762
0.700815,5.16338,4996070,0.65225,-0.033669,0.0342958
0.700858,4.65766,5000600,0.605902,-0.036652,0.0302104
0.700877,4.9031,19831300,0.631009,-0.042675,0.0302969
0.700921,2.2031,4998040,0.368904,-0.0444846,0.018949
0.701124,5.15033,19846800,0.653233,-0.0404841,0.0323125
0.701145,5.15201,30043300,0.655908,-0.0448764,0.0321741
0.701299,6.13784,30033200,0.728718,-0.0280525,0.0425814
0.701401,6.16743,5000380,0.746738,-0.024769,0.0455444
0.749213,-2.83064,4991840,-0.15143,-0.0249584,0.0159399
0.749295,6.64656,4991700,0.823891,-0.026374,0.0600012
0.749325,2.1643,4994910,0.375901,-0.0459642,0.0191239
0.749865,1.1569,4996890,0.27165,-0.0438621,0.0164744
0.749905,-1.82358,4995400,-0.044311,-0.0294946,0.014356
0.749927,-0.812217,4996710,0.0638493,-0.0353148,0.0141002
0.74993,2.66876,4997690,0.427131,-0.0460376,0.0208528
0.749966,2.91415,4997700,0.452619,-0.0456101,0.021761
0.749976,2.41933,4997950,0.402065,-0.0460795,0.0199413
0.750086,4.6721,4993780,0.641448,-0.04195,0.0331523
0.750114,0.25174,4998080,0.175841,-0.0403695,0.0149139
0.750149,3.91193,4996100,0.557262,-0.0435098,0.0270258
0.750275,4.17106,4996630,0.585419,-0.0428066,0.0288543
0.750411,6.14831,4996170,0.794329,-0.0369326,0.05168
0.750465,1.921,4998440,0.350706,-0.0457053,0.0183911
0.750468,1.67039,4999720,0.325496,-0.0452159,0.0176834
0.750505,3.16454,5000040,0.478644,-0.0451253,0.0228864
0.75056,3.67405,4998340,0.531309,-0.0440969,0.0255771
0.750675,5.16359,4994670,0.696751,-0.0419486,0.0382933
0.750685,5.66685,4995850,0.752317,-0.0413771,0.0446981
0.750701,3.40846,4999340,0.504777,-0.0446716,0.0241184
0.79842,2.64034,29881500,0.449141,-0.0624698,0.0198263
0.798853,3.9317,29864500,0.60293,-0.0627659,0.0281607
0.798917,4.65345,30009800,0.694477,-0.0664719,0.0358246
0.799156,8.44745,4989410,0.819137,-0.00991549,0.114452
0.799164,1.65143,29877700,0.340427,-0.0615002,0.0160577
0.799181,3.64132,29884800,0.568847,-0.0624271,0.025783
0.79919,4.8877,30076500,0.721095,-0.0671986,0.0389292
0.799198,4.87886,19774000,0.718733,-0.062551,0.0391259
0.799225,4.1459,19769400,0.62927,-0.0597537,0.0304468
0.799235,7.91051,4989790,0.817973,-0.0142136,0.100363
0.799272,-1.87274,19775900,-0.0503011,-0.0405261,0.0121717
0.799304,3.64678,19758400,0.565894,-0.0582138,0.0261824
0.799308,5.12746,30022100,0.74806,-0.066224,0.0423998
0.799309,2.64583,19767400,0.447677,-0.0582809,0.0202576
0.799322,4.16365,19756900,0.629735,-0.0588431,0.0305028
0.79938,-2.87851,4994960,-0.177261,-0.0192996,0.0168662
0.799418,10.0878,4989950,0.849524,0.00292683,0.154736
0.799472,6.62496,4988250,0.806836,-0.0195387,0.0727516
0.799475,-1.85289,4990110,-0.0607111,-0.025167,0.0146018
0.799504,1.15591,19754100,0.283414,-0.0549731,0.0149188
0.799544,5.64834,4986420,0.755188,-0.0333503,0.05457
0.799547,0.637237,19754700,0.227145,-0.0539257,0.0139159
0.79955,2.65844,19751600,0.449207,-0.0574251,0.0201035
0.799569,3.40767,19744700,0.536951,-0.057293,0.0243474
0.799624,-0.844429,19765200,0.0638263,-0.0467037,0.0120767
0.79966,1.13885,29908900,0.284633,-0.0598654,0.014596
0.799717,0.632098,29879600,0.229412,-0.0578847,0.0134156
0.799734,0.63813,19737600,0.226982,-0.053171,0.0137572
0.799756,0.228467,4981800,0.173304,-0.0403358,0.0149926
0.799758,9.64826,4990310,0.839191,-0.00519357,0.14278
0.799759,5.12134,19767500,0.740795,-0.0585532,0.0427191
0.79978,3.15788,29894100,0.509583,-0.0624461,0.0226342
0.799784,2.40401,4984970,0.41506,-0.0487152,0.0205887
0.799787,4.90692,19756000,0.721432,-0.0616114,0.0394375
0.799804,2.16217,4982520,0.387472,-0.0483924,0.0196653
0.799818,3.91533,19775400,0.599215,-0.0588925,0.0284496
0.799829,3.66143,4988330,0.564497,-0.0499221,0.0278285
0.799849,3.65288,19736100,0.566595,-0.0574237,0.02604
0.799852,1.92081,4980860,0.360466,-0.047967,0.0188431
0.799855,-2.91668,29908100,-0.16697,-0.038831,0.0134326
0.799897,-1.84465,19759300,-0.0474672,-0.0397245,0.0119315
0.799919,-2.89318,19756000,-0.165746,-0.0353744,0.0140424
0.799934,0.135715,19758500,0.172356,-0.0517377,0.0130346
0.800005,4.38902,29977800,0.662478,-0.0653579,0.0328131
0.800011,3.90247,19753400,0.599477,-0.0580959,0.0281405
0.800018,5.16272,4988980,0.738455,-0.0502218,0.0459869
0.800043,0.143099,29847900,0.174613,-0.0557441,0.0125474
0.800072,4.41132,19772100,0.663621,-0.0613765,0.0333176
0.800127,3.15798,4989470,0.502737,-0.0489763,0.0243623
0.800134,4.3917,19766400,0.662269,-0.060688,0.0329641
0.800153,1.16261,19754100,0.28461,-0.0559006,0.0151108
0.800167,2.14245,19760700,0.392919,-0.0572976,0.0179432
0.800177,2.67128,4986570,0.445484,-0.0488128,0.0217763
0.80019,3.397,19765300,0.535818,-0.0581661,0.0244648
0.800203,-0.860864,29901500,0.064575,-0.050542,0.0114713
0.800237,2.14145,29895000,0.39531,-0.0623978,0.0177565
0.80025,4.66014,19767900,0.694585,-0.0619203,0.0361903
0.800264,1.16089,4982210,0.276958,-0.0453837,0.0167222
0.800277,-0.826695,19745700,0.0655181,-0.0459283,0.0119243
0.800287,4.1759,4991330,0.632279,-0.05336,0.0325346
0.8003,1.65036,19762300,0.337727,-0.0565812,0.0162917
0.800301,-0.833967,4987710,0.0548919,-0.033026,0.0141647
0.800363,2.14266,19768900,0.392712,-0.0582142,0.0181253
0.800376,-2.9151,19769300,-0.167528,-0.0344252,0.0139217
0.800392,1.64597,19767500,0.338013,-0.057377,0.0164325
0.800499,4.6467,4990400,0.696386,-0.0574658,0.0381578
0.800501,4.65587,19788500,0.693108,-0.0629198,0.0363945
0.800505,3.16519,19754200,0.508203,-0.0572043,0.0228438
0.800512,1.66647,4981890,0.333243,-0.0473379,0.0180659
0.80052,9.1924,4992840,0.833052,-0.0110405,0.131559
0.800679,3.40196,29909000,0.540323,-0.062584,0.0241715
0.800693,0.164018,19762300,0.17406,-0.0510027,0.0129762
0.800711,-1.88666,29950500,-0.0509615,-0.0443005,0.0115671
0.800834,6.11088,4990770,0.782947,-0.0288509,0.0632455
0.800864,3.16531,19764200,0.508407,-0.058231,0.0230178
0.800932,2.91511,4989880,0.473531,-0.0488426,0.0230219
0.800954,3.90619,4993400,0.599762,-0.0518467,0.0299479
0.801163,5.16969,19802800,0.742123,-0.0584124,0.0438253
0.801192,8.13406,4995700,0.815805,-0.00942841,0.106134
0.801572,3.42776,4994140,0.536414,-0.0495894,0.0261838
0.803063,4.16875,29996400,0.639289,-0.0653745,0.0308089
0.82906,11.1553,4992520,0.860215,0.0174644,0.183578
0.829252,10.1642,4995130,0.842675,-0.00520604,0.158712
0.829277,-1.80146,4997010,-0.0658814,-0.0215208,0.0148289
0.829286,8.44655,4996100,0.815824,-0.0134955,0.118141
0.829292,9.10359,4996100,0.819504,-0.0103378,0.133582
0.829491,8.63866,4997650,0.81715,-0.0103148,0.122658
0.829717,7.08163,4997840,0.800818,-0.0185827,0.0893739
0.829754,3.41023,4996550,0.569426,-0.0604562,0.0282442
0.829884,9.75406,4998030,0.832917,-0.00987177,0.148719
0.829906,4.14565,4997640,0.658388,-0.0665916,0.0371037
0.829907,5.6114,4997680,0.73484,-0.0286554,0.0621733
0.829909,2.41875,5000640,0.432932,-0.0513068,0.0214329
0.829954,2.66784,4999720,0.466268,-0.0524842,0.0227386
0.83001,-2.83205,4999000,-0.190086,-0.0127061,0.0181343
0.830045,1.93911,5001760,0.372201,-0.0496417,0.0193913
0.83005,2.18086,5000430,0.403313,-0.0503854,0.020357
0.830166,-0.798589,5002310,0.0538689,-0.0311222,0.0142476
0.830275,2.91689,4998790,0.500083,-0.054355,0.0243024
0.830279,6.09941,5000410,0.757783,-0.0260361,0.0704935
0.830311,4.64986,4997540,0.687053,-0.0496046,0.0456591
0.83034,5.13837,4996880,0.711256,-0.0343498,0.0545235
0.830402,3.90854,4999720,0.636695,-0.0676509,0.0339916
0.830451,0.213857,5003800,0.171342,-0.0397942,0.0150346
0.830467,1.21355,5003090,0.288779,-0.0464911,0.0170716
0.830495,1.68143,5002940,0.342383,-0.0487473,0.0184647
0.830502,6.5915,4999240,0.782501,-0.0188284,0.0801554
0.830529,3.69704,4997540,0.6084,-0.0652689,0.0313775
0.830633,10.6292,4999100,0.848561,0.00726827,0.170572
0.830814,3.15701,5000340,0.533995,-0.0572419,0.0260911
0.848405,4.65343,29857500,0.692765,-0.0588381,0.0508934
0.848496,9.55442,4977710,0.823531,-0.0078942,0.146975
0.84851,1.13423,29933800,0.299537,-0.0655978,0.0150455
0.848683,3.6562,19749200,0.621868,-0.0845517,0.0337477
0.848729,5.13751,29911300,0.717418,-0.0415518,0.0606734
0.848764,0.637121,19728100,0.23604,-0.0570604,0.0141399
0.84892,2.6694,19705300,0.496928,-0.0727589,0.0226527
0.848939,3.39522,29872800,0.602229,-0.0922245,0.0302476
0.849021,5.13459,29952600,0.717441,-0.041205,0.0606791
0.849025,4.40334,19764300,0.668441,-0.0588265,0.0461001
0.84907,4.90401,29950300,0.704938,-0.0492089,0.0559753
0.849125,6.62828,4984030,0.762869,-0.0177361,0.0852757
0.849152,-1.79069,4989610,-0.075555,-0.016974,0.0156166
0.849232,2.65035,19684700,0.497791,-0.0740523,0.0227225
0.849258,4.88818,29867200,0.704031,-0.0499681,0.0559921
0.84927,4.88388,19797000,0.694366,-0.0423431,0.0556824
0.849292,2.66652,19732100,0.497828,-0.072844,0.02266
0.849295,2.66121,4987120,0.48673,-0.0608623,0.0240962
0.849313,2.15545,19689200,0.42547,-0.0668371,0.0194645
0.849329,3.4048,29907800,0.603381,-0.0926623,0.0304903
0.849353,4.64594,4983460,0.672038,-0.0408425,0.0521897
0.849375,0.633425,29931500,0.238809,-0.0622239,0.0136753
0.849398,4.16688,19764700,0.654199,-0.0673888,0.0419769
0.849428,3.20921,29972000,0.581529,-0.0908049,0.0281314
0.849438,2.90273,4981250,0.521819,-0.065917,0.0261916
0.849457,3.16922,19687800,0.568462,-0.0836465,0.0276986
0.84946,-1.34283,19729500,-0.00516849,-0.0382232,0.0122921
0.849469,5.09977,4986540,0.701183,-0.033202,0.0601858
0.849483,3.6447,19719200,0.620414,-0.0842394,0.0337639
0.849488,3.38426,19686700,0.595858,-0.0861427,0.0303965
0.849506,1.14767,19715600,0.297476,-0.0603239,0.0154844
0.849511,2.13138,29904100,0.428788,-0.0725716,0.0190569
0.849526,2.16278,19763000,0.427463,-0.06604,0.019367
0.849534,9.16846,4980630,0.820943,-0.0149609,0.137294
0.849549,4.20679,4985300,0.643626,-0.0530599,0.0444175
0.849565,4.38757,19790100,0.667435,-0.0606276,0.0461253
0.849594,2.42906,4980370,0.452999,-0.05739,0.0224778
0.849619,4.88605,4985980,0.687132,-0.0360789,0.0565667
0.849666,2.66975,19742300,0.49907,-0.0730124,0.0226866
0.849673,3.92303,4985560,0.626174,-0.0613335,0.0395812
0.849705,3.67205,4982800,0.609597,-0.0674728,0.0356863
0.849744,3.16678,4984080,0.557635,-0.0704505,0.0289688
0.849744,2.6392,29910900,0.499861,-0.0800401,0.0224901
0.849811,-0.35004,19793800,0.116754,-0.0492732,0.012527
0.849816,3.88295,29973700,0.647174,-0.0862522,0.0375933
0.849817,-0.356201,29877100,0.119003,-0.0540936,0.0119451
0.849818,3.12752,29879400,0.568938,-0.0893189,0.027189
0.849819,3.37924,19688200,0.597492,-0.0850111,0.0301872
0.849824,-2.8151,4995590,-0.202898,-0.00263765,0.021356
0.849836,-0.306372,4988350,0.108481,-0.0344431,0.0145457
0.84985,10.1986,4979630,0.829882,0.00544979,0.161881
0.84985,3.40466,29895100,0.603431,-0.0927283,0.0306636
0.849862,3.89397,19745500,0.638377,-0.0766758,0.0376958
0.849871,4.64768,19812100,0.681125,-0.0508772,0.051093
0.849891,-0.854815,29875800,0.0582698,-0.0492808,0.0116854
0.849903,0.147808,19712800,0.176104,-0.0520947,0.0130001
0.849919,3.37673,19729400,0.596398,-0.0863192,0.030373
0.849926,3.92603,4992180,0.626242,-0.061198,0.0396618
0.849965,4.14498,19773500,0.653114,-0.0691287,0.0419544
0.84997,2.42478,19734700,0.465192,-0.0697701,0.0209495
0.849988,-0.331229,19698100,0.118122,-0.0480603,0.0123978
0.850014,4.61612,29968100,0.689948,-0.0596832,0.0508637
0.85004,2.41319,4982350,0.451191,-0.05742,0.0224293
0.850058,3.69864,19717400,0.623137,-0.0822434,0.0346569
0.850088,4.3866,19765300,0.666995,-0.0600694,0.0464721
0.850099,3.65421,4984490,0.607555,-0.0675568,0.0355432
0.850107,-1.3705,29871800,-0.00548144,-0.0436387,0.011978
0.850109,8.06183,4984560,0.806623,-0.0229744,0.113567
0.850112,-0.845888,19798100,0.0566027,-0.0446041,0.0122301
0.850119,-1.3141,4991220,-0.0158023,-0.0227633,0.0147243
0.850125,0.219731,4988520,0.172512,-0.039608,0.015144
0.850138,8.61748,4983540,0.816959,-0.014269,0.126088
0.850143,3.20924,29873900,0.581723,-0.0913376,0.0282459
0.850147,0.670284,4985920,0.229189,-0.0436733,0.0159571
0.850148,-1.9072,29858000,-0.073172,-0.0369048,0.0130687
0.850151,7.15031,4985320,0.782156,-0.0147025,0.0954355
0.850164,3.22716,19704400,0.57909,-0.0855066,0.0286485
0.850168,2.46652,4984320,0.457373,-0.0578592,0.0227583
0.850168,4.67336,19803000,0.681524,-0.0503269,0.0516073
0.850168,3.61601,29848900,0.625495,-0.0911372,0.0337117
0.850173,4.1472,19755100,0.652238,-0.0690877,0.0421037
0.850194,3.64059,29960100,0.62626,-0.091012,0.0339863
0.8502,5.12452,4988540,0.702413,-0.0333127,0.0609088
0.850204,3.17179,19754500,0.570177,-0.083117,0.0277441
0.850204,-1.87868,19832100,-0.0716076,-0.0328312,0.013465
0.850205,0.109345,29931200,0.175812,-0.0582594,0.0126008
0.850215,-0.841323,4990010,0.0444843,-0.0286151,0.0144084
0.850217,4.88662,29970900,0.702977,-0.0500261,0.0560715
0.850224,3.16327,19682100,0.566918,-0.0829271,0.0276073
0.850236,1.1805,19754000,0.30159,-0.0595137,0.0154458
0.850288,4.62564,5005960,0.670526,-0.0409433,0.0520338
0.850292,3.39359,19706400,0.59561,-0.0859956,0.0305637
0.850295,-0.819625,19747300,0.0589745,-0.0436169,0.0120914
0.850295,4.35569,29980500,0.675063,-0.0691352,0.0459862
0.850309,2.20715,4982020,0.422931,-0.0551033,0.0212461
0.850309,3.9008,19763300,0.638331,-0.0764006,0.0377899
0.850318,4.40716,19803400,0.667768,-0.0593489,0.0468739
0.850319,0.142769,19760900,0.176283,-0.0533968,0.0131452
0.850328,1.64513,29950100,0.363788,-0.0689591,0.0168532
0.850329,1.6754,4982760,0.352194,-0.050531,0.018814
0.850331,7.58995,4986000,0.802058,-0.022125,0.104415
0.850336,2.1775,19743000,0.431522,-0.0664773,0.0194136
0.850343,2.67539,4983800,0.489264,-0.0619398,0.0243098
0.850353,1.18831,4984380,0.291217,-0.0473588,0.0172422
0.850356,0.6677,19741900,0.238607,-0.0561249,0.0141148
0.850392,4.67595,4986430,0.671894,-0.0402989,0.0528855
0.850419,3.88986,29836600,0.64591,-0.0860058,0.0378334
0.850422,4.93083,5007130,0.688306,-0.0356877,0.0574168
0.850434,2.16328,19783900,0.429082,-0.066662,0.0194146
0.850451,2.17504,4982780,0.419271,-0.0546685,0.0210568
0.850486,4.63145,19783500,0.679835,-0.0510668,0.051176
0.850492,5.14772,19802400,0.706914,-0.034398,0.0610491
0.850493,3.2561,19713200,0.580451,-0.0857419,0.0289597
0.850526,3.88164,29953000,0.645325,-0.0862373,0.0377419
0.850548,1.67921,19765600,0.363044,-0.0624523,0.0171536
0.850574,3.14727,19752300,0.566738,-0.0830569,0.0275149
0.850576,2.40698,19738400,0.464832,-0.0698112,0.0209281
0.850601,5.5925,4990050,0.723458,-0.0298124,0.0679954
0.850611,4.1394,5001850,0.640567,-0.0537025,0.0436551
0.850619,-1.86616,19755100,-0.0707872,-0.0315744,0.0133219
0.850635,2.93494,4986320,0.527255,-0.0671691,0.0266613
0.850643,2.89008,4989180,0.521095,-0.0660872,0.0261842
0.850672,5.13893,19807400,0.7067,-0.0347264,0.0609816
0.850715,1.65373,19726200,0.361429,-0.0635478,0.0172824
0.850725,2.2479,4985690,0.42805,-0.0556219,0.0214897
0.850759,3.89625,4984170,0.623537,-0.0615987,0.0394364
0.850759,2.9177,19756500,0.536524,-0.0790089,0.0251397
0.850783,5.13069,19832800,0.706819,-0.0345948,0.0608993
0.850802,4.40196,29971000,0.67607,-0.0677325,0.0469532
0.850859,3.42013,19760900,0.59803,-0.0853893,0.0308238
0.850905,1.92132,4984170,0.384026,-0.0523189,0.0198492
0.850905,4.36573,29870800,0.675169,-0.0679955,0.0464453
0.850909,5.14652,5010030,0.702666,-0.0331075,0.0612814
0.850938,4.14505,4985590,0.640092,-0.0538908,0.0437293
0.85094,-1.3523,19801800,-0.00595502,-0.0390154,0.0124607
0.850945,3.16735,4988460,0.559254,-0.0710969,0.0292447
0.850945,3.40834,4988740,0.585212,-0.071379,0.0322446
0.851001,2.6645,4985640,0.487742,-0.0619935,0.0242681
0.851003,4.139,29965500,0.661192,-0.0774646,0.0421662
0.851016,3.40263,4987410,0.585643,-0.0714757,0.0321999
0.851039,4.37286,4990320,0.654891,-0.0467123,0.0480527
0.85107,3.66158,19753100,0.62029,-0.082503,0.0342611
0.851091,6.12772,4988770,0.742724,-0.0243567,0.0766306
0.851113,3.90409,19737900,0.637538,-0.0764213,0.0384814
0.851134,3.68577,4990530,0.608226,-0.0662664,0.0363748
0.851186,4.11228,19798700,0.651118,-0.0684313,0.042098
0.851204,4.15805,29875600,0.661529,-0.0766792,0.0427491
0.851246,4.88289,19802000,0.692582,-0.0422053,0.0562792
0.851253,4.15936,29986900,0.661533,-0.0767119,0.0426371
0.851264,4.88467,19834200,0.693657,-0.0417941,0.0563735
0.851315,4.16646,19792200,0.652507,-0.0664116,0.0425368
0.85133,4.45185,5007210,0.656832,-0.0457383,0.0491084
0.851336,3.65247,19697600,0.619462,-0.0835685,0.034419
0.851378,2.90801,19691200,0.535104,-0.0796919,0.0252454
0.85138,3.62322,29933800,0.624383,-0.0907798,0.034077
0.851383,4.62963,29990100,0.689733,-0.0589129,0.051574
0.851384,5.13056,29965300,0.715608,-0.0422661,0.0613811
0.85144,3.90462,19800400,0.637027,-0.0766354,0.0384372
0.85149,5.61922,30000700,0.743718,-0.0319745,0.0709698
0.85157,3.40786,4989900,0.586394,-0.0710936,0.0324426
0.851851,3.17539,4987950,0.55892,-0.0714582,0.029476
0.852166,3.9051,19775200,0.63589,-0.0761361,0.0386312
0.858738,6.66916,4980010,0.759842,-0.0143863,0.0891362
0.85903,4.62335,4984030,0.662091,-0.0403311,0.0547152
0.859145,7.12012,4982540,0.781051,-0.0125092,0.0979674
0.859509,8.61183,4984380,0.817476,-0.0161268,0.127584
0.859582,1.90028,4986410,0.394275,-0.0555504,0.0201557
0.859647,-0.820555,4985640,0.0427814,-0.0271506,0.0146606
0.859651,9.09562,4983950,0.825325,-0.0175941,0.138208
0.859717,-2.84315,4989740,-0.204977,-0.000684712,0.0237777
0.85979,1.67081,4989260,0.358067,-0.052392,0.0191709
0.859802,10.1206,4989180,0.839762,-0.012812,0.161412
0.859872,4.164,4984480,0.630807,-0.0500502,0.046838
0.859896,2.43918,4984850,0.467203,-0.0644587,0.0237716
0.859975,-1.82788,4989440,-0.0881785,-0.0109453,0.0168508
0.860029,3.69148,4982700,0.598947,-0.0613809,0.039169
0.86012,0.261996,4990360,0.177573,-0.0396841,0.0153268
0.860324,5.14185,4986560,0.693599,-0.0345462,0.0636973
0.860359,5.61686,4984280,0.715173,-0.0309844,0.0707135
0.86039,3.17356,4987540,0.55628,-0.0707654,0.0316486
0.860424,6.10849,4983920,0.732099,-0.0240549,0.078593
0.860495,8.10985,4982640,0.814223,-0.0210727,0.117522
0.86062,2.67271,4987090,0.500728,-0.0692861,0.0259344
0.860688,7.64071,4984640,0.801632,-0.0161469,0.108412
0.860699,2.90601,4987830,0.530403,-0.0720105,0.0284593
0.860925,1.17518,4991460,0.294589,-0.0481808,0.0174143
0.861052,3.36094,4986160,0.575437,-0.0668005,0.0346112
0.861067,9.63256,4987520,0.833525,-0.0163472,0.150218
0.861082,2.17082,4988030,0.432036,-0.06017,0.0218592
0.861546,3.91162,4988370,0.611789,-0.0555706,0.0430811
0.868072,3.91427,19805200,0.617009,-0.067483,0.0440006
0.868734,3.89645,29990300,0.623801,-0.0777237,0.0442529
0.869024,3.87451,4994310,0.601701,-0.0523781,0.0450631
0.869058,6.54958,4996500,0.743699,-0.0134028,0.0893328
0.869109,2.14335,29894900,0.453521,-0.089154,0.0217247
0.869114,3.68851,4995650,0.585899,-0.0567624,0.0418502
0.869147,4.20813,4994530,0.621956,-0.0469551,0.0501501
0.869187,1.13199,29940400,0.312773,-0.0710393,0.0156648
0.869225,0.157512,29892900,0.181988,-0.0596431,0.0130827
0.869231,3.39075,19730900,0.578164,-0.0794348,0.0364628
0.869269,-2.81939,5001430,-0.197423,-0.000564145,0.0257188
0.869307,4.87763,19803700,0.678601,-0.0456435,0.0613638
0.869344,-0.815017,5000910,0.0371107,-0.0235701,0.0152478
0.86938,7.65504,4997190,0.786849,-0.0145185,0.109435
0.869388,0.263425,5000080,0.178289,-0.0394404,0.0154648
0.869432,-1.80418,5002590,-0.0935628,-0.00458173,0.0184346
0.869454,7.18477,4999380,0.765626,-0.0110661,0.100562
0.869463,1.6497,19732000,0.381524,-0.0730543,0.0184446
0.869464,4.38636,19805300,0.647591,-0.0567756,0.0526657
0.869511,9.17476,5004870,0.825488,-0.0190481,0.141089
0.869562,4.40367,19821100,0.646169,-0.0554389,0.0526603
0.869562,3.61513,29957600,0.602775,-0.0836664,0.0399237
0.869683,4.89701,19815400,0.677081,-0.0447483,0.0613401
0.869727,0.628395,29888700,0.24369,-0.0648603,0.0140525
0.86978,0.679656,19728700,0.24508,-0.0585736,0.0144155
0.869782,9.56781,5000820,0.835956,-0.0240444,0.150052
0.869804,3.12908,4996760,0.542651,-0.0659009,0.033944
0.869849,5.60396,4995900,0.70622,-0.0312025,0.0729034
0.869862,1.16121,19740100,0.310518,-0.0640736,0.0158022
0.86987,1.15624,19729700,0.310912,-0.0655713,0.0161117
0.869892,2.71126,4995870,0.502579,-0.070602,0.028459
0.869917,-0.809996,19762000,0.0534794,-0.0408645,0.0131803
0.869921,6.14193,4996480,0.722061,-0.0203968,0.0816669
0.869946,-0.841933,29923300,0.051362,-0.0452276,0.0127975
0.869977,0.16108,19712900,0.180893,-0.0541036,0.0135373
0.869985,1.6471,4999060,0.368197,-0.0568812,0.0196752
0.869989,2.64413,19723100,0.510765,-0.087841,0.0266395
0.869993,3.37691,29948200,0.582839,-0.0870339,0.0364866
0.87,-1.90864,19802700,-0.0931034,-0.0189754,0.0168746
0.870004,-0.788687,19741100,0.0536028,-0.0399409,0.0130252
0.870007,3.87845,19779900,0.613258,-0.0684778,0.0442482
0.870013,2.37959,4996830,0.468985,-0.069641,0.0250649
0.87009,0.183872,19725600,0.180695,-0.0531927,0.0133752
0.87013,-1.8935,29874200,-0.089849,-0.0235017,0.0164293
0.870178,4.63057,4996550,0.651465,-0.0401533,0.0576667
0.870182,0.661761,19691800,0.244704,-0.0594059,0.0145498
0.87022,1.69047,19723000,0.38287,-0.0728459,0.0186421
0.870231,4.88275,29981600,0.685914,-0.0544632,0.0617394
0.870279,8.04967,5001900,0.808245,-0.0246944,0.118273
0.870301,-1.86033,19720500,-0.088891,-0.0185791,0.0164927
0.870372,2.15722,19734600,0.448491,-0.0822041,0.0219784
0.870416,8.68035,5004320,0.821294,-0.0235837,0.130821
0.8705,4.16936,19834100,0.629663,-0.0608018,0.0488581
0.870527,5.14465,4998970,0.68174,-0.0356757,0.0658843
0.87053,3.44278,4999200,0.565244,-0.0607924,0.0385396
0.870534,3.16567,19769300,0.557119,-0.081517,0.0335728
0.870566,4.38603,29987100,0.653995,-0.0656125,0.052957
0.870708,2.16479,19726100,0.451833,-0.0838118,0.0223657
0.870784,4.62171,29988400,0.669325,-0.0602039,0.057239
0.870818,2.91474,5000930,0.520181,-0.0684948,0.0312298
0.870827,1.96594,4999720,0.409261,-0.0625228,0.0217723
0.870888,5.12991,29975400,0.699217,-0.0494667,0.0663735
0.870905,3.13721,19740400,0.555332,-0.0823007,0.0334195
0.870915,3.64974,19817200,0.595421,-0.0724657,0.0405758
0.870967,1.21883,5003670,0.30525,-0.0505675,0.017902
0.871004,2.66352,19739100,0.512349,-0.08841,0.0273771
0.871011,4.12997,30012700,0.637335,-0.0720752,0.048705
0.871054,3.39433,19798800,0.575705,-0.077458,0.0368746
0.871135,2.17724,5000360,0.438832,-0.0664388,0.02341
0.871161,5.11352,19829000,0.69031,-0.0416975,0.0659479
0.871199,5.61718,30006100,0.725644,-0.0406733,0.075101
0.871241,3.6443,19768500,0.594405,-0.0737656,0.0406778
0.871351,4.13571,19792000,0.628218,-0.0622037,0.0489215
0.871371,4.66467,19842700,0.660519,-0.0503641,0.0577015
0.871385,3.14689,29952800,0.560347,-0.089793,0.0336946
0.871445,1.65636,29919200,0.386479,-0.0811053,0.01855
0.871544,4.64072,19813500,0.661688,-0.0512011,0.0576252
0.872154,2.62831,29935900,0.513764,-0.0960562,0.027262
0.879145,3.17927,4987300,0.529738,-0.0606984,0.0369302
0.879184,6.61327,4990640,0.730205,-0.0119481,0.0921533
0.879252,-1.80366,4991800,-0.0943256,-0.00121569,0.0203564
0.879325,-0.794289,4989410,0.0316243,-0.0171813,0.0163322
0.879451,5.64265,4990670,0.695226,-0.0291148,0.0756491
0.879527,0.255873,4988860,0.176197,-0.0380734,0.0158614
0.879616,8.62712,4999920,0.819239,-0.0264179,0.131477
0.879631,3.64064,4987970,0.567154,-0.0533208,0.0438704
0.879636,6.13492,4991170,0.710737,-0.0174293,0.0838946
0.879646,9.08769,5001680,0.832969,-0.0211487,0.142027
0.879937,1.68238,4992160,0.375204,-0.0624504,0.0212117
0.879939,2.17411,4985870,0.436425,-0.0677529,0.0251805
0.879959,4.67693,4988090,0.637453,-0.0404635,0.0599902
0.880051,5.13958,4990090,0.668106,-0.0354918,0.0676239
0.8801,7.66059,4997350,0.77327,-0.00905785,0.111284
0.880138,-2.84041,4994810,-0.189905,-0.00162952,0.0281977
0.880165,3.39507,4989470,0.546733,-0.0569894,0.040297
0.880246,10.1781,5004710,0.843175,-0.0120687,0.165856
0.880289,2.93325,4987640,0.508387,-0.0629521,0.034023
0.880303,2.70641,4985940,0.487666,-0.0651731,0.0311973
0.880459,2.38524,4988300,0.45976,-0.0669722,0.0276786
0.880556,1.91157,4992510,0.406939,-0.0660253,0.0230484
0.880649,9.58541,5006410,0.836579,-0.0190925,0.152488
0.880705,4.12338,4991660,0.600971,-0.0465582,0.0514972
0.880996,7.12066,4995290,0.751503,-0.00943791,0.1017
0.881073,1.18674,4995030,0.307067,-0.0540843,0.0186079
0.881139,8.10277,5001720,0.801319,-0.017968,0.121028
0.881312,3.98912,4991310,0.587316,-0.0486369,0.0493216
