MA,BETA,AA,CL,CD,CN,CA,CM
0.2,-5,-2,-0.0284,0.00918,-0.0287,0.00776,-0.0104
0.2,-5,0,0.0386,0.00797,0.0386,0.00756,-0.016
0.2,-5,2,0.101,0.00959,0.102,0.00564,-0.021
0.2,-5,4,0.164,0.014,0.165,0.00215,-0.0264
0.2,-5,6,0.239,0.0229,0.24,-0.00236,-0.0348
0.2,-5,8,0.327,0.0393,0.329,-0.00656,-0.0472
0.2,-5,10,0.427,0.0647,0.432,-0.0103,-0.0616
0.2,-5,12,0.519,0.0954,0.527,-0.0144,-0.0707
0.2,-5,14,0.601,0.131,0.615,-0.0184,-0.0755
0.2,-5,16,0.687,0.173,0.708,-0.0229,-0.0819
0.2,-5,20,0.851,0.274,0.894,-0.0326,-0.094
0.2,-5,24,1.02,0.406,1.1,-0.0434,-0.111
0.2,-5,28,1.16,0.552,1.28,-0.0545,-0.126
0.2,-5,32,1.25,0.709,1.44,-0.0614,-0.146
0.2,-5,34,1.3,0.794,1.52,-0.0644,-0.157
0.2,-5,36,1.33,0.881,1.6,-0.0678,-0.169
0.2,-5,38,1.35,0.963,1.66,-0.0706,-0.179
0.2,-5,40,1.36,1.04,1.71,-0.0722,-0.188
0.2,-5,45,1.08,1.02,1.49,-0.046,-0.185
0.2,-5,50,0.79,0.92,1.22,-0.0119,-0.189
0.2,-5,55,0.704,0.987,1.22,-0.00894,-0.199
0.2,-5,60,0.645,1.09,1.27,-0.0113,-0.217
0.2,0,-2,-0.03053164,0.008874897,-0.03082277,0.007803952,-0.009785957
0.2,0,0,0.03802802,0.007577216,0.03802802,0.007577216,-0.01571468
0.2,0,2,0.1021548,0.009174223,0.1024127,0.005603482,-0.02086671
0.2,0,4,0.1668089,0.01380007,0.1673652,0.002130453,-0.02642615
0.2,0,6,0.2420405,0.0232044,0.2431401,-0.002222832,-0.03501477
0.2,0,8,0.3353592,0.04084404,0.3377799,-0.006226432,-0.04830012
0.2,0,10,0.4345841,0.06621439,0.4394798,-0.0102563,-0.06253863
0.2,0,12,0.536308,0.09892944,0.545157,-0.01473712,-0.0756128
0.2,0,14,0.6304066,0.1368018,0.6447762,-0.019771,-0.08369923
0.2,0,16,0.7034194,0.1759791,0.7246765,-0.02472671,-0.08358154
0.2,0,20,0.8429941,0.2723178,0.8852935,-0.03242597,-0.09079356
0.2,0,24,1.004526,0.4008252,1.080711,-0.04240556,-0.109153
0.2,0,28,1.173928,0.5622456,1.300475,-0.05469243,-0.1329974
0.2,0,32,1.302737,0.7350323,1.494292,-0.06700287,-0.1528421
0.2,0,34,1.349407,0.8228675,1.578851,-0.07239068,-0.1614446
0.2,0,36,1.381944,0.9094755,1.652592,-0.07650525,-0.1694087
0.2,0,38,1.400585,0.993766,1.715499,-0.07918777,-0.1774656
0.2,0,40,1.405028,1.074875,1.76723,-0.07973208,-0.1869908
0.2,0,45,1.069599,1.007089,1.468441,-0.04420156,-0.1801579
0.2,0,50,0.7898511,0.9240236,1.21555,-0.01111011,-0.1892336
0.2,0,55,0.7111091,0.9999368,1.226976,-0.008966214,-0.2010741
0.2,0,60,0.6479914,1.099938,1.27657,-0.0112079,-0.2174989
0.2,5,-2,-0.0303,0.00944,-0.0306,0.00796,-0.0103
0.2,5,0,0.0383,0.00806,0.0383,0.00766,-0.0162
0.2,5,2,0.103,0.00973,0.103,0.00576,-0.0213
0.2,5,4,0.168,0.0143,0.169,0.00223,-0.0269
0.2,5,6,0.244,0.0236,0.245,-0.00212,-0.0355
0.2,5,8,0.335,0.0408,0.337,-0.00608,-0.0482
0.2,5,10,0.436,0.0664,0.441,-0.0101,-0.0624
0.2,5,12,0.527,0.0971,0.536,-0.0143,-0.0711
0.2,5,14,0.608,0.132,0.622,-0.0185,-0.076
0.2,5,16,0.693,0.174,0.714,-0.023,-0.0826
0.2,5,20,0.855,0.276,0.898,-0.0325,-0.0947
0.2,5,24,1.02,0.406,1.1,-0.0431,-0.111
0.2,5,28,1.16,0.553,1.28,-0.0537,-0.127
0.2,5,32,1.25,0.708,1.44,-0.0605,-0.146
0.2,5,34,1.29,0.793,1.52,-0.0633,-0.158
0.2,5,36,1.33,0.881,1.6,-0.0666,-0.17
0.2,5,38,1.35,0.963,1.66,-0.0689,-0.179
0.2,5,40,1.35,1.04,1.7,-0.0693,-0.189
0.2,5,45,1.09,1.03,1.5,-0.0449,-0.186
0.2,5,50,0.793,0.924,1.22,-0.0119,-0.19
0.2,5,55,0.713,0.999,1.23,-0.0091,-0.202
0.2,5,60,0.648,1.1,1.28,-0.0113,-0.218
0.15,-5,-2,-0.0279,0.00928,-0.0282,0.00788,-0.0105
0.15,-5,0,0.0388,0.00815,0.0388,0.00773,-0.0161
0.15,-5,2,0.101,0.00972,0.101,0.0058,-0.0208
0.15,-5,4,0.164,0.0144,0.165,0.00261,-0.0263
0.15,-5,6,0.239,0.0235,0.24,-0.00181,-0.0348
0.15,-5,8,0.328,0.04,0.33,-0.00595,-0.0472
0.15,-5,10,0.426,0.065,0.431,-0.00979,-0.0612
0.15,-5,12,0.518,0.0957,0.526,-0.0138,-0.0706
0.15,-5,14,0.599,0.131,0.613,-0.0177,-0.0751
0.15,-5,16,0.686,0.173,0.707,-0.0221,-0.0818
0.15,-5,20,0.851,0.275,0.894,-0.0315,-0.0938
0.15,-5,24,1.02,0.406,1.1,-0.042,-0.11
0.15,-5,28,1.15,0.552,1.28,-0.0523,-0.125
0.15,-5,32,1.25,0.711,1.44,-0.0585,-0.144
0.15,-5,34,1.3,0.797,1.52,-0.0614,-0.156
0.15,-5,36,1.33,0.884,1.6,-0.0642,-0.166
0.15,-5,38,1.35,0.968,1.66,-0.0666,-0.176
0.15,-5,40,1.36,1.05,1.71,-0.0678,-0.185
0.15,-5,45,1.2,1.12,1.64,-0.0513,-0.198
0.15,-5,50,0.787,0.924,1.22,-0.00753,-0.19
0.15,-5,55,0.695,0.982,1.21,-0.0042,-0.198
0.15,-5,60,0.632,1.08,1.25,-0.00539,-0.215
0.15,0,-2,-0.0307,0.00891,-0.031,0.00783,-0.00989
0.15,0,0,0.0379,0.00766,0.0379,0.00766,-0.0158
0.15,0,2,0.101,0.00911,0.102,0.00557,-0.0207
0.15,0,4,0.166,0.014,0.166,0.00237,-0.0262
0.15,0,6,0.242,0.0236,0.243,-0.00173,-0.0349
0.15,0,8,0.333,0.0408,0.335,-0.00592,-0.0478
0.15,0,10,0.431,0.0657,0.436,-0.0101,-0.0617
0.15,0,12,0.534,0.0989,0.543,-0.0143,-0.075
0.15,0,14,0.627,0.137,0.641,-0.0191,-0.0829
0.15,0,16,0.699,0.176,0.721,-0.0239,-0.0826
0.15,0,20,0.842,0.273,0.885,-0.0317,-0.0907
0.15,0,24,1.01,0.402,1.08,-0.0414,-0.109
0.15,0,28,1.17,0.563,1.3,-0.0528,-0.132
0.15,0,32,1.3,0.737,1.49,-0.0635,-0.151
0.15,0,34,1.35,0.826,1.58,-0.0684,-0.16
0.15,0,36,1.38,0.913,1.65,-0.072,-0.168
0.15,0,38,1.4,1,1.72,-0.0752,-0.176
0.15,0,40,1.41,1.08,1.78,-0.0755,-0.186
0.15,0,45,1.2,1.13,1.64,-0.0511,-0.2
0.15,0,50,0.788,0.928,1.22,-0.00704,-0.19
0.15,0,55,0.701,0.993,1.22,-0.00419,-0.199
0.15,0,60,0.641,1.1,1.27,-0.00602,-0.216
0.15,5,-2,-0.0302,0.00949,-0.0305,0.00801,-0.0104
0.15,5,0,0.0378,0.00836,0.0378,0.00796,-0.016
0.15,5,2,0.102,0.0099,0.102,0.00596,-0.0211
0.15,5,4,0.166,0.0147,0.167,0.00272,-0.0266
0.15,5,6,0.243,0.0241,0.244,-0.00154,-0.0352
0.15,5,8,0.333,0.0413,0.336,-0.00544,-0.0479
0.15,5,10,0.433,0.0664,0.438,-0.00955,-0.0617
0.15,5,12,0.525,0.0973,0.534,-0.0137,-0.071
0.15,5,14,0.604,0.132,0.618,-0.0176,-0.0755
0.15,5,16,0.691,0.175,0.712,-0.022,-0.0821
0.15,5,20,0.854,0.277,0.897,-0.0312,-0.0941
0.15,5,24,1.02,0.407,1.1,-0.0417,-0.11
0.15,5,28,1.15,0.553,1.28,-0.0515,-0.125
0.15,5,32,1.25,0.71,1.44,-0.0579,-0.144
0.15,5,34,1.29,0.795,1.52,-0.0603,-0.156
0.15,5,36,1.33,0.883,1.59,-0.0629,-0.167
0.15,5,38,1.35,0.969,1.66,-0.0649,-0.177
0.15,5,40,1.35,1.05,1.71,-0.0652,-0.185
0.15,5,45,1.19,1.11,1.63,-0.0478,-0.198
0.15,5,50,0.79,0.926,1.22,-0.0074,-0.19
0.15,5,55,0.705,0.997,1.22,-0.00429,-0.2
0.15,5,60,0.637,1.09,1.26,-0.0059,-0.215
